date,83,519069,519066,6113,8063,6308,1668,696
2013/5/3,1,1.289,1.177,,,,,
2013/5/10,1,1.304,1.206,,,,,
2013/5/17,1,1.347,1.236,,,,,
2013/5/24,1.006,1.375,1.273,,,,,
2013/5/31,0.996,1.39,1.281,,,,,
2013/6/7,0.991,1.323,1.226,,,,,
2013/6/14,0.997,1.312,1.245,,,,,
2013/6/17,1.003,1.322,1.252,,,,,
2013/6/18,1.005,1.331,1.252,,,,,
2013/6/19,1.007,1.322,1.25,,,,,
2013/6/20,0.998,1.279,1.217,,,,,
2013/6/21,0.999,1.277,1.214,,,,,
2013/6/24,0.987,1.21,1.174,,,,,
2013/6/25,0.999,1.218,1.182,,,,,
2013/6/26,1.01,1.247,1.216,,,,,
2013/6/27,1.011,1.241,1.205,,,,,
2013/6/28,1.016,1.27,1.217,,,,,
2013/6/30,1.016,1.27,1.217,,,,,
2013/7/1,1.028,1.292,1.252,,,,,
2013/7/2,1.04,1.309,1.273,,,,,
2013/7/3,1.043,1.307,1.278,,,,,
2013/7/4,1.042,1.313,1.272,,,,,
2013/7/5,1.037,1.313,1.264,,,,,
2013/7/8,1.028,1.283,1.24,,,,,
2013/7/9,1.03,1.279,1.239,,,,,
2013/7/10,1.04,1.311,1.26,,,,,
2013/7/11,1.052,1.355,1.283,,,,,
2013/7/12,1.053,1.338,1.272,,,,,
2013/7/15,1.069,1.361,1.29,,,,,
2013/7/16,1.069,1.362,1.296,,,,,
2013/7/17,1.052,1.343,1.271,,,,,
2013/7/18,1.049,1.329,1.266,,,,,
2013/7/19,1.039,1.304,1.254,,,,,
2013/7/22,1.044,1.311,1.268,,,,,
2013/7/23,1.063,1.341,1.294,,,,,
2013/7/24,1.071,1.333,1.296,,,,,
2013/7/25,1.057,1.32,1.269,,,,,
2013/7/26,1.056,1.315,1.263,,,,,
2013/7/29,1.05,1.29,1.251,,,,,
2013/7/30,1.039,1.287,1.241,,,,,
2013/7/31,1.039,1.292,1.246,,,,,
2013/8/1,1.061,1.328,1.278,,,,,
2013/8/2,1.065,1.342,1.289,,,,,
2013/8/5,1.083,1.365,1.304,,,,,
2013/8/6,1.099,1.368,1.311,,,,,
2013/8/7,1.098,1.368,1.298,,,,,
2013/8/8,1.092,1.37,1.307,,,,,
2013/8/9,1.095,1.376,1.311,,,,,
2013/8/12,1.092,1.398,1.316,,,,,
2013/8/13,1.087,1.407,1.316,,,,,
2013/8/14,1.088,1.402,1.31,,,,,
2013/8/15,1.085,1.375,1.284,,,,,
2013/8/16,1.058,1.359,1.259,,,,,
2013/8/19,1.088,1.38,1.274,,,,,
2013/8/20,1.089,1.375,1.271,,,,,
2013/8/21,1.088,1.366,1.27,,,,,
2013/8/22,1.102,1.371,1.281,,,,,
2013/8/23,1.109,1.37,1.276,,,,,
2013/8/26,1.123,1.395,1.298,,,,,
2013/8/27,1.126,1.4,1.297,,,,,
2013/8/28,1.125,1.379,1.276,,,,,
2013/8/29,1.119,1.376,1.272,,,,,
2013/8/30,1.113,1.365,1.26,,,,,
2013/9/2,1.113,1.369,1.263,,,,,
2013/9/3,1.132,1.394,1.287,,,,,
2013/9/4,1.14,1.392,1.287,,,,,
2013/9/5,1.149,1.399,1.289,,,,,
2013/9/6,1.162,1.399,1.292,,,,,
2013/9/9,1.152,1.431,1.295,,,,,
2013/9/10,1.149,1.442,1.295,,,,,
2013/9/11,1.143,1.436,1.287,,,,,
2013/9/12,1.139,1.444,1.28,,,,,
2013/9/13,1.155,1.443,1.286,,,,,
2013/9/16,1.166,1.441,1.292,,,,,
2013/9/17,1.16,1.413,1.282,,,,,
2013/9/18,1.162,1.412,1.287,,,,,
2013/9/23,1.178,1.429,1.305,,,,,
2013/9/24,1.198,1.415,1.31,,,,,
2013/9/25,1.188,1.403,1.294,,,,,
2013/9/26,1.162,1.384,1.295,,,,,
2013/9/27,1.161,1.382,1.308,,,,,
2013/9/30,1.173,1.388,1.307,,,,,
2013/10/8,1.181,1.412,1.326,,,,,
2013/10/9,1.196,1.414,1.331,,,,,
2013/10/10,1.194,1.399,1.324,,,,,
2013/10/11,1.215,1.421,1.345,,,,,
2013/10/14,1.22,1.42,1.355,,,,,
2013/10/15,1.221,1.412,1.354,,,,,
2013/10/16,1.2,1.378,1.323,,,,,
2013/10/17,1.191,1.37,1.318,,,,,
2013/10/18,1.199,1.375,1.321,,,,,
2013/10/21,1.237,1.399,1.356,,,,,
2013/10/22,1.216,1.381,1.342,,,,,
2013/10/23,1.196,1.365,1.314,,,,,
2013/10/24,1.193,1.352,1.297,,,,,
2013/10/25,1.165,1.332,1.282,,,,,
2013/10/28,1.159,1.326,1.278,,,,,
2013/10/29,1.145,1.324,1.275,,,,,
2013/10/30,1.162,1.342,1.292,,,,,
2013/10/31,1.125,1.33,1.276,,,,,
2013/11/1,1.122,1.337,1.271,,,,,
2013/11/4,1.122,1.339,1.277,,,,,
2013/11/5,1.132,1.342,1.287,,,,,
2013/11/6,1.126,1.325,1.276,,,,,
2013/11/7,1.105,1.311,1.258,,,,,
2013/11/8,1.08,1.29,1.234,,,,,
2013/11/11,1.096,1.298,1.244,,,,,
2013/11/12,1.101,1.309,1.249,,,,,
2013/11/13,1.083,1.288,1.234,,,,,
2013/11/14,1.1,1.29,1.249,,,,,
2013/11/15,1.123,1.31,1.263,,,,,
2013/11/18,1.145,1.344,1.282,,,,,
2013/11/19,1.136,1.332,1.28,,,,,
2013/11/20,1.138,1.332,1.277,,,,,
2013/11/21,1.125,1.324,1.276,,,,,
2013/11/22,1.127,1.319,1.271,,,,,
2013/11/25,1.127,1.312,1.266,,,,,
2013/11/26,1.13,1.312,1.257,,,,,
2013/11/27,1.139,1.324,1.267,,,,,
2013/11/28,1.159,1.34,1.279,,,,,
2013/11/29,1.164,1.345,1.29,,,,,
2013/12/2,1.106,1.312,1.244,,,,,
2013/12/3,1.116,1.33,1.262,,,,,
2013/12/4,1.129,1.348,1.27,,,,,
2013/12/5,1.109,1.339,1.249,,,,,
2013/12/6,1.112,1.331,1.252,,,,,
2013/12/9,1.118,1.333,1.266,,,,,
2013/12/10,1.126,1.339,1.262,,,,,
2013/12/11,1.138,1.328,1.261,,,,,
2013/12/12,1.143,1.336,1.274,,,,,
2013/12/13,1.151,1.342,1.282,,,,,
2013/12/16,1.133,1.329,1.273,,,,,
2013/12/17,1.125,1.324,1.26,,,,,
2013/12/18,1.123,1.323,1.258,,,,,
2013/12/19,1.11,1.308,1.248,,,,,
2013/12/20,1.096,1.289,1.23,,,,,
2013/12/23,1.105,1.296,1.24,,,,,
2013/12/24,1.12,1.307,1.255,,,,,
2013/12/25,1.133,1.32,1.269,,,,,
2013/12/26,1.119,1.297,1.254,,,,,
2013/12/27,1.131,1.317,1.268,,,,,
2013/12/30,1.132,1.32,1.266,,,,,
2013/12/31,1.139,1.331,1.273,,,,,
2014/1/2,1.147,1.337,1.296,,,,,
2014/1/3,1.148,1.332,1.298,,,,,
2014/1/6,1.125,1.302,1.271,,,,,
2014/1/7,1.14,1.309,1.283,,,,,
2014/1/8,1.147,1.311,1.301,,,,,
2014/1/9,1.125,1.3,1.284,,,,,
2014/1/10,1.127,1.283,1.267,,,,,
2014/1/13,1.123,1.274,1.264,,,,,
2014/1/14,1.144,1.293,1.274,,,,,
2014/1/15,1.142,1.296,1.285,,,,,
2014/1/16,1.13,1.295,1.267,,,,,
2014/1/17,1.113,1.276,1.268,,,,,
2014/1/20,1.107,1.229,1.184,,,,,
2014/1/21,1.117,1.243,1.2,,,,,
2014/1/22,1.145,1.272,1.219,,,,,
2014/1/23,1.164,1.28,1.236,,,,,
2014/1/24,1.173,1.297,1.249,,,,,
2014/1/27,1.158,1.287,1.24,,,,,
2014/1/28,1.15,1.283,1.227,,,,,
2014/1/29,1.146,1.284,1.229,,,,,
2014/1/30,1.133,1.271,1.221,,,,,
2014/2/7,1.146,1.283,1.246,,,,,
2014/2/10,1.178,1.314,1.26,,,,,
2014/2/11,1.175,1.312,1.244,,,,,
2014/2/12,1.188,1.318,1.242,,,,,
2014/2/13,1.173,1.304,1.211,,,,,
2014/2/14,1.195,1.322,1.227,,,,,
2014/2/17,1.224,1.343,1.245,,,,,
2014/2/18,1.222,1.333,1.239,,,,,
2014/2/19,1.225,1.337,1.237,,,,,
2014/2/20,1.208,1.323,1.224,,,,,
2014/2/21,1.205,1.315,1.237,,,,,
2014/2/24,1.217,1.296,1.263,,,,,
2014/2/25,1.177,1.259,1.227,,,,,
2014/2/26,1.175,1.263,1.234,,,,,
2014/2/27,1.164,1.236,1.212,,,,,
2014/2/28,1.171,1.247,1.208,,,,,
2014/3/3,1.2,1.265,1.221,,,,,
2014/3/4,1.19,1.263,1.211,,,,,
2014/3/5,1.188,1.252,1.203,,,,,
2014/3/6,1.186,1.266,1.19,,,,,
2014/3/7,1.184,1.263,1.188,,,,,
2014/3/10,1.147,1.234,1.16,,,,,
2014/3/11,1.134,1.247,1.152,,,,,
2014/3/12,1.135,1.243,1.155,,,,,
2014/3/13,1.149,1.254,1.168,,,,,
2014/3/14,1.144,1.256,1.17,,,,,
2014/3/17,1.171,1.274,1.198,,,,,
2014/3/18,1.185,1.269,1.202,,,,,
2014/3/19,1.185,1.255,1.186,,,,,
2014/3/20,1.151,1.24,1.156,,,,,
2014/3/21,1.167,1.274,1.163,,,,,
2014/3/24,1.171,1.279,1.154,,,,,
2014/3/25,1.173,1.268,1.15,,,,,
2014/3/26,1.182,1.271,1.162,,,,,
2014/3/27,1.174,1.26,1.143,,,,,
2014/3/28,1.15,1.254,1.121,,,,,
2014/3/31,1.149,1.254,1.131,,,,,
2014/4/1,1.168,1.266,1.131,,,,,
2014/4/2,1.159,1.275,1.13,,,,,
2014/4/3,1.162,1.276,1.132,,,,,
2014/4/4,1.177,1.29,1.143,,,,,
2014/4/8,1.183,1.309,1.147,,,,,
2014/4/9,1.197,1.314,1.158,,,,,
2014/4/10,1.205,1.319,1.153,,,,,
2014/4/11,1.203,1.315,1.149,,,,,
2014/4/14,1.209,1.32,1.153,,,,,
2014/4/15,1.213,1.304,1.15,,,,,
2014/4/16,1.203,1.307,1.142,,,,,
2014/4/17,1.205,1.303,1.144,,,,,
2014/4/18,1.218,1.307,1.147,,,,,
2014/4/21,1.215,1.297,1.152,,,,,
2014/4/22,1.204,1.297,1.141,,,,,
2014/4/23,1.197,1.288,1.13,,,,,
2014/4/24,1.183,1.283,1.12,,,,,
2014/4/25,1.158,1.271,1.107,,,,,
2014/4/28,1.121,1.24,1.087,,,,,
2014/4/29,1.137,1.254,1.097,,,,,
2014/4/30,1.145,1.26,1.1,,,,,
2014/5/5,1.164,1.262,1.114,,,,,
2014/5/6,1.167,1.266,1.12,,,,,
2014/5/7,1.151,1.25,1.107,,,,,
2014/5/8,1.142,1.246,1.106,,,,,
2014/5/9,1.124,1.238,1.092,,,,,
2014/5/12,1.148,1.258,1.109,,,,,
2014/5/13,1.149,1.257,1.107,,,,,
2014/5/14,1.152,1.261,1.114,,,,,
2014/5/15,1.136,1.244,1.097,,,,,
2014/5/16,1.131,1.243,1.089,,,,,
2014/5/19,1.126,1.231,1.085,,,,,
2014/5/20,1.131,1.234,1.091,,,,,
2014/5/21,1.14,1.241,1.095,,,,,
2014/5/22,1.147,1.241,1.103,,,,,
2014/5/23,1.158,1.25,1.111,,,,,
2014/5/26,1.175,1.258,1.119,,,,,
2014/5/27,1.165,1.254,1.113,,,,,
2014/5/28,1.175,1.269,1.123,,,,,
2014/5/29,1.168,1.264,1.113,,,,,
2014/5/30,1.165,1.266,1.115,,,,,
2014/6/3,1.164,1.266,1.113,,,,,
2014/6/4,1.16,1.256,1.107,,,,,
2014/6/5,1.171,1.264,1.117,,,,,
2014/6/6,1.168,1.263,1.12,,,,,
2014/6/9,1.165,1.256,1.113,,,,,
2014/6/10,1.175,1.271,1.124,,,,,
2014/6/11,1.179,1.272,1.122,,,,,
2014/6/12,1.175,1.274,1.119,,,,,
2014/6/13,1.181,1.287,1.124,,,,,
2014/6/16,1.188,1.29,1.125,,,,,
2014/6/17,1.172,1.277,1.116,,,,,
2014/6/18,1.168,1.269,1.113,,,,,
2014/6/19,1.148,1.254,1.102,,,,,
2014/6/20,1.163,1.263,1.105,,,,,
2014/6/23,1.182,1.269,1.116,,,,,
2014/6/24,1.195,1.277,1.117,,,,,
2014/6/25,1.191,1.272,1.113,,,,,
2014/6/26,1.212,1.287,1.125,,,,,
2014/6/27,1.236,1.291,1.126,,,,,
2014/6/30,1.249,1.298,1.141,,,,,
2014/7/1,1.251,1.294,1.144,,,,,
2014/7/2,1.26,1.294,1.148,,,,,
2014/7/3,1.261,1.305,1.152,,,,,
2014/7/4,1.252,1.305,1.147,,,,,
2014/7/7,1.259,1.311,1.154,,,,,
2014/7/8,1.258,1.311,1.156,,,,,
2014/7/9,1.237,1.292,1.137,,,,,
2014/7/10,1.234,1.283,1.118,,,,,
2014/7/11,1.243,1.292,1.115,,,,,
2014/7/14,1.26,1.308,1.129,,,,,
2014/7/15,1.247,1.307,1.118,,,,,
2014/7/16,1.23,1.301,1.104,,,,,
2014/7/17,1.224,1.293,1.098,,,,,
2014/7/18,1.225,1.305,1.101,,,,,
2014/7/21,1.223,1.312,1.108,,,,,
2014/7/22,1.239,1.327,1.114,,,,,
2014/7/23,1.213,1.322,1.103,,,,,
2014/7/24,1.206,1.341,1.1,,,,,
2014/7/25,1.216,1.346,1.114,,,,,
2014/7/28,1.243,1.372,1.131,,,,,
2014/7/29,1.252,1.39,1.142,,,,,
2014/7/30,1.259,1.383,1.143,,,,,
2014/7/31,1.258,1.394,1.144,,,,,
2014/8/1,1.235,1.378,1.131,,,,,
2014/8/4,1.242,1.394,1.138,,,,,
2014/8/5,1.256,1.392,1.144,,,,,
2014/8/6,1.258,1.381,1.138,,,,,
2014/8/7,1.251,1.37,1.134,,,,,
2014/8/8,1.261,1.371,1.142,,,,,
2014/8/11,1.271,1.39,1.156,,,,,
2014/8/12,1.274,1.392,1.157,,,,,
2014/8/13,1.276,1.392,1.154,,,,,
2014/8/14,1.272,1.376,1.147,,,,,
2014/8/15,1.29,1.39,1.154,,,,,
2014/8/18,1.315,1.399,1.168,,,,,
2014/8/19,1.316,1.399,1.173,,,,,
2014/8/20,1.313,1.391,1.164,,,,,
2014/8/21,1.316,1.39,1.165,,,,,
2014/8/22,1.339,1.401,1.176,,,,,
2014/8/25,1.334,1.389,1.171,,,,,
2014/8/26,1.309,1.376,1.16,,,,,
2014/8/27,1.31,1.379,1.157,,,,,
2014/8/28,1.302,1.363,1.146,,,,,
2014/8/29,1.307,1.377,1.152,,,,,
2014/9/1,1.339,1.392,1.163,,,,,
2014/9/2,1.352,1.406,1.169,,,,,
2014/9/3,1.372,1.419,1.177,,,,,
2014/9/4,1.382,1.431,1.179,,,,,
2014/9/5,1.391,1.435,1.179,,,,,
2014/9/9,1.41,1.43,1.187,,,,,
2014/9/10,1.416,1.426,1.189,,,,,
2014/9/11,1.405,1.42,1.184,,,,,
2014/9/12,1.422,1.435,1.193,,,,,
2014/9/15,1.433,1.439,1.196,,,,,
2014/9/16,1.372,1.399,1.168,,,,,1
2014/9/17,1.377,1.403,1.17,,,,,
2014/9/18,1.389,1.416,1.166,,,,,
2014/9/19,1.41,1.432,1.173,,,,,1.003
2014/9/22,1.402,1.402,1.163,,,,,
2014/9/23,1.421,1.415,1.17,,,,,
2014/9/24,1.428,1.435,1.178,,,,,
2014/9/25,1.431,1.429,1.179,,,,,
2014/9/26,1.427,1.423,1.179,,,,,1.01
2014/9/29,1.438,1.435,1.193,,,,,
2014/9/30,1.443,1.437,1.201,,,,,1.018
2014/10/8,1.459,1.465,1.229,,,,,
2014/10/9,1.453,1.467,1.23,,,,,
2014/10/10,1.448,1.461,1.217,,,,,1.029
2014/10/13,1.433,1.447,1.21,,,,,
2014/10/14,1.433,1.438,1.197,,,,,
2014/10/15,1.438,1.454,1.201,,,,,
2014/10/16,1.416,1.443,1.192,,,,,
2014/10/17,1.398,1.441,1.182,,,,,1.004
2014/10/20,1.428,1.463,1.211,,,,,
2014/10/21,1.428,1.45,1.208,,,,,
2014/10/22,1.411,1.439,1.199,,,,,
2014/10/23,1.386,1.425,1.191,,,,,
2014/10/24,1.39,1.429,1.193,,,,,0.992
2014/10/27,1.413,1.427,1.208,,,,,
2014/10/28,1.451,1.455,1.232,,,,,
2014/10/29,1.471,1.477,1.252,,,,,
2014/10/30,1.475,1.475,1.264,,,,,
2014/10/31,1.445,1.478,1.263,,,,,1.016
2014/11/3,1.452,1.489,1.263,,,,,
2014/11/4,1.442,1.473,1.268,,,,,
2014/11/5,1.441,1.46,1.268,,,,,
2014/11/6,1.454,1.465,1.282,,,,,
2014/11/7,1.456,1.466,1.28,,,,,1.025
2014/11/10,1.467,1.481,1.287,,,,,
2014/11/11,1.424,1.45,1.242,,,,,
2014/11/12,1.445,1.465,1.256,,,,,
2014/11/13,1.427,1.451,1.241,,,,,
2014/11/14,1.427,1.45,1.246,,,,,1.004
2014/11/17,1.444,1.453,1.256,,,,,1.013
2014/11/18,1.453,1.447,1.257,,,,,1.012
2014/11/19,1.469,1.446,1.273,,,,,1.014
2014/11/20,1.462,1.445,1.28,,,,,1.019
2014/11/21,1.462,1.463,1.274,,,,,1.025
2014/11/24,1.467,1.491,1.281,,,,,1.035
2014/11/25,1.497,1.51,1.287,,,,,1.05
2014/11/26,1.5,1.536,1.303,,,,,1.059
2014/11/27,1.507,1.553,1.324,,,,,1.065
2014/11/28,1.507,1.576,1.322,,,,,1.056
2014/12/1,1.495,1.587,1.3,,,,,1.04
2014/12/2,1.512,1.631,1.316,,,,,1.065
2014/12/3,1.524,1.641,1.33,,,,,1.077
2014/12/4,1.545,1.698,1.366,,,,,1.086
2014/12/5,1.493,1.672,1.33,,,,,1.05
2014/12/8,1.474,1.714,1.358,,,,,1.06
2014/12/9,1.391,1.618,1.279,,,,,1.015
2014/12/10,1.433,1.676,1.315,,,,,1.067
2014/12/11,1.445,1.671,1.3,,,,,1.087
2014/12/12,1.492,1.676,1.323,,,,,1.096
2014/12/15,1.54,1.706,1.355,,,,,1.107
2014/12/16,1.533,1.748,1.39,,,,,1.103
2014/12/17,1.509,1.764,1.38,,,,,1.084
2014/12/18,1.509,1.771,1.389,,,,,1.087
2014/12/19,1.494,1.758,1.377,,,,,1.077
2014/12/22,1.41,1.723,1.328,,,,,1.046
2014/12/23,1.392,1.713,1.3,,,,,1.025
2014/12/24,1.42,1.696,1.304,,,,,1.048
2014/12/25,1.434,1.728,1.328,,,,,1.061
2014/12/26,1.446,1.764,1.35,,,,,1.064
2014/12/29,1.418,1.762,1.338,,,,,1.043
2014/12/30,1.388,1.758,1.323,,,,,1.014
2014/12/31,1.392,1.788,1.344,,,,,1.022
2015/1/5,1.399,1.836,1.375,,,,,1.037
2015/1/6,1.437,1.843,1.389,,,,,1.061
2015/1/7,1.453,1.837,1.394,,,,,1.054
2015/1/8,1.462,1.825,1.399,,,,,1.055
2015/1/9,1.451,1.84,1.387,,,,,1.046
2015/1/12,1.461,1.851,1.394,,,,,1.038
2015/1/13,1.478,1.862,1.403,,,,,1.045
2015/1/14,1.464,1.859,1.405,,,,,1.04
2015/1/15,1.477,1.885,1.426,,,,,1.049
2015/1/16,1.519,1.918,1.451,,,,,1.06
2015/1/19,1.51,1.829,1.408,,,,,1.029
2015/1/20,1.567,1.877,1.438,,,,,1.063
2015/1/21,1.615,1.949,1.478,,,,,1.094
2015/1/22,1.626,1.953,1.493,,,,,1.103
2015/1/23,1.593,1.952,1.488,,,,,1.105
2015/1/26,1.617,1.971,1.52,,,,,1.116
2015/1/27,1.631,1.956,1.526,,,,,1.109
2015/1/28,1.612,1.936,1.489,,,,,1.096
2015/1/29,1.607,1.924,1.484,,,,,1.098
2015/1/30,1.568,1.892,1.457,,,,,1.097
2015/2/2,1.58,1.887,1.465,,,,,1.089
2015/2/3,1.645,1.944,1.511,,,,,1.106
2015/2/4,1.663,1.931,1.514,,,,,1.104
2015/2/5,1.703,1.928,1.55,,,,,1.094
2015/2/6,1.656,1.901,1.514,,,,,1.076
2015/2/9,1.642,1.898,1.49,,,,,1.07
2015/2/10,1.692,1.938,1.528,,,,,1.078
2015/2/11,1.741,1.962,1.574,,,,,1.086
2015/2/12,1.762,1.969,1.597,,,,,1.09
2015/2/13,1.81,1.889,1.548,,,,,1.112
2015/2/16,1.881,1.926,1.59,,,,,1.136
2015/2/17,1.905,1.939,1.613,,,,,1.143
2015/2/25,1.874,1.928,1.575,,,,,1.158
2015/2/26,1.881,1.948,1.575,,,,,1.166
2015/2/27,1.914,1.956,1.605,,,,,1.172
2015/3/2,1.958,1.975,1.648,,,,,1.221
2015/3/3,1.933,1.942,1.629,,,,,1.229
2015/3/4,1.971,1.975,1.66,,,,,1.236
2015/3/5,1.976,1.967,1.671,,,,,1.24
2015/3/6,1.931,1.945,1.619,,,,,1.219
2015/3/9,1.961,1.982,1.65,,,,,1.226
2015/3/10,2.016,2.009,1.678,,,,,1.234
2015/3/11,2,1.999,1.679,,,,,1.231
2015/3/12,1.995,2.024,1.684,,,,,1.221
2015/3/13,2.051,2.05,1.719,,,,,1.231
2015/3/16,2.131,2.122,1.776,,,,,1.257
2015/3/17,2.125,2.142,1.776,,,,,1.275
2015/3/18,2.149,2.175,1.783,,,,,1.297
2015/3/19,2.162,2.168,1.782,,,,,1.3
2015/3/20,2.212,2.205,1.818,,,,,1.313
2015/3/23,2.31,2.269,1.857,,,,,1.35
2015/3/24,2.384,2.28,1.889,,,,,1.375
2015/3/25,2.416,2.288,1.909,,,,,1.396
2015/3/26,2.333,2.261,1.868,,,,,1.361
2015/3/27,2.345,2.273,1.883,,,,,1.385
2015/3/30,2.293,2.283,1.853,,,,,1.386
2015/3/31,2.35,2.303,1.888,,,,,1.395
2015/4/1,2.411,2.361,1.949,,,,,1.451
2015/4/2,2.456,2.393,1.98,,,,,1.499
2015/4/3,2.47,2.421,2,,,,,1.528
2015/4/7,2.494,2.475,2.021,,,,,1.554
2015/4/8,2.431,2.46,1.981,,,,,1.529
2015/4/9,2.41,2.451,1.984,,,,,1.514
2015/4/10,2.454,2.52,2.036,,,,,1.542
2015/4/13,2.478,2.56,2.049,,,,,1.571
2015/4/14,2.485,2.543,2.046,,,,,1.559
2015/4/15,2.347,2.471,1.975,,,,,1.517
2015/4/16,2.364,2.515,2.006,,,,,1.555
2015/4/17,2.359,2.503,2.012,,,,,1.547
2015/4/20,2.267,2.409,1.965,,,,,1.505
2015/4/21,2.376,2.489,2.02,,,,,1.56
2015/4/22,2.468,2.548,2.073,,,,,1.605
2015/4/23,2.525,2.556,2.096,,,,,1.625
2015/4/24,2.571,2.526,2.111,,,,,1.618
2015/4/27,2.627,2.559,2.109,,,,,1.629
2015/4/28,2.542,2.512,2.036,,,,,1.582
2015/4/29,2.65,2.57,2.096,,,,,1.605
2015/4/30,2.75,2.583,2.148,,,,,1.599
2015/5/4,2.7,2.583,2.127,,,,,1.619
2015/5/5,2.663,2.494,2.1,,,,,1.576
2015/5/6,2.746,2.515,2.149,,,,,1.568
2015/5/7,2.744,2.495,2.127,,,,,1.544
2015/5/8,2.927,2.597,2.258,,,,,1.606
2015/5/11,3.119,2.707,2.38,,,,,1.678
2015/5/12,3.277,2.761,2.489,,,,,1.73
2015/5/13,3.338,2.753,2.56,,,,,1.725
2015/5/14,3.226,2.704,2.504,,,,,1.731
2015/5/15,3.298,2.694,2.543,,,,,1.72
2015/5/18,3.397,2.746,2.638,,,,,1.748
2015/5/19,3.427,2.813,2.646,,,,,1.781
2015/5/20,3.487,2.861,2.687,,,,,1.84
2015/5/21,3.558,2.961,2.72,,,,,1.917
2015/5/22,3.482,3.017,2.665,,,,,1.907
2015/5/25,3.412,3.069,2.605,,,,,1.919
2015/5/26,3.506,3.148,2.652,,,,,1.978
2015/5/27,3.518,3.176,2.63,,,,,2.014
2015/5/28,3.412,3.017,2.553,,,,,1.91
2015/5/29,3.528,3.089,2.613,,,,,1.949
2015/6/1,3.671,3.22,2.699,,,,,2.047
2015/6/2,3.79,3.278,2.741,,,,,2.123
2015/6/3,3.819,3.297,2.801,,,,,2.147
2015/6/4,3.738,3.3,2.766,,,,,2.144
2015/6/5,3.767,3.297,2.8,,,,,2.154
2015/6/8,3.601,3.297,2.744,,,,,2.096
2015/6/9,3.562,3.255,2.726,,,,,2.076
2015/6/10,3.646,3.282,2.762,,,,,2.105
2015/6/11,3.684,3.334,2.773,,,,,2.139
2015/6/12,3.742,3.378,2.824,,,,,2.201
2015/6/15,3.636,3.292,2.802,,,,,2.169
2015/6/16,3.518,3.194,2.755,,,,,2.065
2015/6/17,3.614,3.248,2.767,,,,,2.107
2015/6/18,3.511,3.155,2.723,,,,,2.028
2015/6/19,3.387,3.01,2.609,,,,,1.897
2015/6/23,3.411,3.06,2.642,,,,,1.901
2015/6/24,3.397,3.099,2.666,,,,,1.944
2015/6/25,3.272,3,2.608,,,,,1.864
2015/6/26,3.079,2.806,2.48,,,,,1.724
2015/6/29,2.851,2.696,2.399,,,,,1.603
2015/6/30,2.873,2.819,2.323,,,,,1.621
2015/7/1,2.731,2.705,2.229,,,,,1.546
2015/7/2,2.548,2.595,2.111,,,,,1.446
2015/7/3,2.375,2.474,1.993,,,,,1.338
2015/7/6,2.237,2.468,1.92,,,,,1.273
2015/7/7,2.067,2.376,1.807,,,,,1.174
2015/7/8,1.951,2.199,1.727,,,,,1.078
2015/7/9,2.025,2.331,1.795,,,,,1.121
2015/7/10,2.116,2.474,1.877,,,,,1.185
2015/7/13,2.254,2.605,1.986,,,,,1.259
2015/7/14,2.344,2.651,2.065,,,,,1.3
2015/7/15,2.214,2.545,1.97,,,,,1.251
2015/7/16,2.242,2.586,2.014,,,,,1.288
2015/7/17,2.386,2.724,2.127,,,,,1.388
2015/7/20,2.463,2.757,2.185,,,,,1.444
2015/7/21,2.552,2.781,2.225,,,,,1.475
2015/7/22,2.582,2.811,2.231,,,,,1.505
2015/7/23,2.652,2.883,2.285,,,,,1.555
2015/7/24,2.622,2.818,2.261,,,,,1.545
2015/7/27,2.43,2.608,2.114,,,,,1.433
2015/7/28,2.33,2.548,2.045,,,,,1.375
2015/7/29,2.426,2.652,2.116,,,,,1.445
2015/7/30,2.326,2.582,2.052,,,,,1.396
2015/7/31,2.274,2.561,2.028,,,,,1.38
2015/8/3,2.168,2.507,1.942,,,,,1.337
2015/8/4,2.296,2.619,2.044,,,,,1.42
2015/8/5,2.286,2.594,2.054,,,,,1.415
2015/8/6,2.271,2.591,2.059,,,,,1.43
2015/8/7,2.364,2.669,2.118,,,,,1.478
2015/8/10,2.486,2.788,2.208,,,,,1.547
2015/8/11,2.516,2.776,2.233,,,,,1.549
2015/8/12,2.445,2.727,2.191,,,,,1.541
2015/8/13,2.501,2.775,2.238,,,,,1.578
2015/8/14,2.511,2.782,2.244,,,,,1.576
2015/8/17,2.541,2.812,2.247,,,,,1.611
2015/8/18,2.357,2.639,2.114,,,,,1.48
2015/8/19,2.435,2.689,2.154,,,,,1.504
2015/8/20,2.387,2.616,2.089,,,,,1.444
2015/8/21,2.246,2.497,1.989,,,,,1.363
2015/8/24,2.074,2.305,1.855,,,,,1.247
2015/8/25,1.927,2.133,1.721,,,,,1.139
2015/8/26,1.848,2.104,1.682,,,,,1.1
2015/8/27,1.907,2.212,1.757,,,,,1.158
2015/8/28,2.025,2.317,1.842,,,,,1.241
2015/8/31,1.932,2.276,1.789,,,,,1.205
2015/9/1,1.824,2.192,1.708,,,,,1.127
2015/9/2,1.785,2.162,1.68,,,,,1.091
2015/9/7,1.819,2.153,1.681,,,,,1.102
2015/9/8,1.886,2.239,1.742,,,,,1.161
2015/9/9,1.951,2.3,1.798,,,,,1.209
2015/9/10,1.92,2.276,1.768,,,,,1.197
2015/9/11,1.957,2.287,1.778,,,,,1.206
2015/9/14,1.847,2.185,1.693,,,,,1.112
2015/9/15,1.787,2.105,1.638,,,,,1.051
2015/9/16,1.912,2.219,1.733,,,,,1.137
2015/9/17,1.884,2.19,1.704,,,,,1.126
2015/9/18,1.912,2.215,1.723,,,,,1.147
2015/9/21,2.012,2.273,1.791,,,,,1.203
2015/9/22,2.032,2.28,1.811,,,,,1.204
2015/9/23,2.033,2.259,1.802,,,,,1.213
2015/9/24,2.056,2.277,1.82,,,,,1.219
2015/9/25,1.966,2.244,1.768,,,,,1.185
2015/9/28,2.044,2.276,1.805,,,,,1.22
2015/9/29,2.034,2.247,1.776,,,,,1.2
2015/9/30,2.018,2.263,1.773,,,,,1.203
2015/10/8,2.112,2.336,1.844,,,,,1.257
2015/10/9,2.14,2.373,1.868,,,,,1.284
2015/10/12,2.219,2.452,1.947,,,,,1.346
2015/10/13,2.27,2.459,1.991,,,,,1.366
2015/10/14,2.239,2.433,1.969,,,,,1.339
2015/10/15,2.311,2.487,2.017,,,,,1.382
2015/10/16,2.35,2.51,2.047,,,,,1.407
2015/10/19,2.353,2.509,2.046,,,,,1.401
2015/10/20,2.419,2.539,2.073,,,,,1.423
2015/10/21,2.258,2.457,2.007,,,,,1.347
2015/10/22,2.342,2.505,2.059,,,,,1.398
2015/10/23,2.373,2.553,2.099,,,,,1.44
2015/10/26,2.387,2.559,2.081,,,,,1.468
2015/10/27,2.388,2.566,2.089,,,,,1.463
2015/10/28,2.328,2.538,2.035,,,,,1.437
2015/10/29,2.312,2.55,2.035,,,,,1.444
2015/10/30,2.308,2.57,2.035,,,,,1.442
2015/11/2,2.29,2.555,2.019,,,,,1.405
2015/11/3,2.309,2.553,2.037,,,,,1.404
2015/11/4,2.41,2.64,2.116,,,,,1.468
2015/11/5,2.429,2.654,2.1,,,,,1.467
2015/11/6,2.513,2.705,2.146,,,,,1.507
2015/11/9,2.569,2.732,2.197,,,,,1.517
2015/11/10,2.595,2.727,2.222,,,,,1.513
2015/11/11,2.627,2.74,2.231,,,,,1.547
2015/11/12,2.608,2.738,2.227,,,,,1.558
2015/11/13,2.569,2.707,2.213,,,,,1.531
2015/11/16,2.641,2.744,2.243,,,,,1.565
2015/11/17,2.615,2.729,2.208,,,,,1.554
2015/11/18,2.577,2.701,2.177,,,,,1.517
2015/11/19,2.636,2.75,2.215,,,,,1.556
2015/11/20,2.634,2.767,2.238,,,,,1.573
2015/11/23,2.609,2.752,2.221,,,,,1.544
2015/11/24,2.619,2.758,2.234,,,,,1.551
2015/11/25,2.66,2.797,2.275,,,,,1.578
2015/11/26,2.67,2.798,2.284,,,,,1.567
2015/11/27,2.535,2.677,2.164,,,,,1.469
2015/11/30,2.52,2.692,2.195,,,,,1.489
2015/12/1,2.508,2.694,2.182,,,,,1.49
2015/12/2,2.487,2.712,2.183,,,,,1.472
2015/12/3,2.546,2.754,2.233,,,,,1.502
2015/12/4,2.529,2.722,2.211,,,,,1.496
2015/12/7,2.56,2.741,2.215,,,,,1.513
2015/12/8,2.543,2.709,2.206,,,,,1.5
2015/12/9,2.508,2.703,2.193,,,,,1.494
2015/12/10,2.519,2.702,2.179,,,,,1.482
2015/12/11,2.489,2.678,2.16,,,,,1.466
2015/12/14,2.509,2.729,2.185,,,,,1.489
2015/12/15,2.546,2.746,2.199,,,,,1.496
2015/12/16,2.54,2.763,2.21,,,,,1.51
2015/12/17,2.594,2.805,2.263,,,,,1.543
2015/12/18,2.601,2.823,2.241,,,,,1.534
2015/12/21,2.615,2.861,2.276,,,,,1.545
2015/12/22,2.637,2.886,2.262,,,,,1.565
2015/12/23,2.589,2.875,2.243,,,,,1.542
2015/12/24,2.575,2.865,2.229,,,,,1.544
2015/12/25,2.599,2.871,2.252,,,,,1.554
2015/12/28,2.546,2.805,2.217,,,,,1.527
2015/12/29,2.564,2.815,2.231,,,,,1.542
2015/12/30,2.584,2.819,2.253,,,,,1.564
2015/12/31,2.533,2.793,2.218,,,,,1.544
2016/1/4,2.349,2.619,2.081,,,,,1.42
2016/1/5,2.285,2.603,2.064,,,,,1.407
2016/1/6,2.338,2.633,2.105,,,,,1.435
2016/1/7,2.173,2.475,1.978,,,,,1.315
2016/1/8,2.189,2.512,2.009,,,,,1.336
2016/1/11,2.066,2.396,1.923,,,,,1.248
2016/1/12,2.084,2.402,1.929,,,,,1.252
2016/1/13,2.014,2.336,1.892,,,,,1.214
2016/1/14,2.084,2.391,1.941,,,,,1.258
2016/1/15,2.036,2.328,1.903,,,,,1.207
2016/1/18,2.083,2.355,1.926,,,,,1.222
2016/1/19,2.146,2.423,1.97,,,,,1.269
2016/1/20,2.108,2.388,1.954,,,,,1.258
2016/1/21,2.034,2.327,1.604,,,,,1.204
2016/1/22,2.058,2.344,1.615,,,,,1.218
2016/1/25,2.076,2.368,1.636,,,,,1.232
2016/1/26,1.949,2.242,1.586,,,,,1.141
2016/1/27,1.951,2.24,1.582,,,,,1.136
2016/1/28,1.897,2.172,1.556,,,,,1.087
2016/1/29,1.965,2.242,1.591,,,,,1.128
2016/2/1,1.957,2.23,1.575,,,,,1.125
2016/2/2,2.016,2.289,1.609,,,,,1.162
2016/2/3,2.004,2.292,1.612,,,,,1.17
2016/2/4,2.043,2.32,1.627,,,,,1.191
2016/2/5,2.023,2.31,1.611,,,,,1.179
2016/2/15,2.019,2.312,1.618,,,,,1.178
2016/2/16,2.081,2.376,1.653,,,,,1.223
2016/2/17,2.095,2.388,1.656,,,,,1.233
2016/2/18,2.089,2.378,1.657,,,,,1.233
2016/2/19,2.091,2.379,1.657,,,,,1.245
2016/2/22,2.127,2.418,1.673,,,,,1.266
2016/2/23,2.116,2.407,1.664,,,,,1.259
2016/2/24,2.107,2.413,1.657,,,,,1.266
2016/2/25,1.967,2.265,1.591,,,,,1.181
2016/2/26,1.958,2.274,1.592,,,,,1.184
2016/2/29,1.871,2.195,1.555,,,,,1.118
2016/3/1,1.911,2.239,1.577,,,,,1.142
2016/3/2,1.987,2.319,1.609,,,,,1.19
2016/3/3,1.994,2.323,1.606,,,,,1.195
2016/3/4,1.932,2.024,1.591,,,,,1.167
2016/3/7,1.969,2.041,1.61,,,,,1.188
2016/3/8,1.995,2.054,1.616,,,,,1.195
2016/3/9,1.966,2.033,1.594,,,,,1.173
2016/3/10,1.936,2.005,1.578,,,,,1.155
2016/3/11,1.936,2.014,1.583,,,,,1.156
2016/3/14,2.005,2.064,1.629,,,,,1.192
2016/3/15,1.99,2.069,1.626,,,,,1.192
2016/3/16,1.968,2.056,1.618,,,,,1.176
2016/3/17,2.038,2.105,1.648,,,,,1.214
2016/3/18,2.098,2.151,1.675,,,,,1.248
2016/3/21,2.132,2.183,1.704,,,,,1.273
2016/3/22,2.121,2.179,1.698,,,,,1.28
2016/3/23,2.142,2.198,1.707,,,,,1.293
2016/3/24,2.113,2.176,1.688,,,,,1.277
2016/3/25,2.116,2.18,1.69,,,,,1.282
2016/3/28,2.102,2.163,1.689,,,,,1.28
2016/3/29,2.054,2.124,1.671,,,,,1.25
2016/3/30,2.115,2.189,1.696,,,,,1.297
2016/3/31,2.143,2.203,1.703,,,,,1.304
2016/4/1,2.124,2.196,1.699,,,,,1.304
2016/4/5,2.172,2.236,1.722,,,,,1.334
2016/4/6,2.181,2.239,1.735,,,,,1.346
2016/4/7,2.181,2.208,1.717,,,,,1.325
2016/4/8,2.159,2.218,1.709,,,,,1.329
2016/4/11,2.192,2.242,1.725,,,,,1.351
2016/4/12,2.176,2.232,1.723,,,,,1.343
2016/4/13,2.203,2.249,1.748,,,,,1.355
2016/4/14,2.223,2.262,1.756,,,,,1.369
2016/4/15,2.217,2.26,1.752,,,,,1.367
2016/4/18,2.19,2.231,1.745,,,,,1.353
2016/4/19,2.196,2.237,1.745,,,,,1.356
2016/4/20,2.101,2.166,1.71,,,,,1.303
2016/4/21,2.096,2.159,1.712,,,,,1.293
2016/4/22,2.117,2.175,1.708,,,,,1.292
2016/4/25,2.116,2.183,1.715,,,,,1.287
2016/4/26,2.133,2.204,1.726,,,,,1.315
2016/4/27,2.126,2.192,1.736,,,,,1.313
2016/4/28,2.117,2.18,1.73,,,,,1.29
2016/4/29,2.122,2.178,1.729,,,,,1.287
2016/5/3,2.18,2.215,1.754,,,,,1.318
2016/5/4,2.177,2.21,1.747,,,,,1.313
2016/5/5,2.183,2.209,1.75,,,,,1.314
2016/5/6,2.124,2.145,1.714,,,,,1.258
2016/5/9,2.086,2.104,1.693,,,,,1.225
2016/5/10,2.105,2.105,1.695,,,,,1.225
2016/5/11,2.111,2.105,1.691,,,,,1.222
2016/5/12,2.101,2.112,1.696,,,,,1.222
2016/5/13,2.09,2.109,1.69,,,,,1.224
2016/5/16,2.125,2.131,1.698,,,,,1.237
2016/5/17,2.111,2.122,1.695,,,,,1.234
2016/5/18,2.067,2.087,1.68,,,,,1.208
2016/5/19,2.074,2.09,1.679,,,,,1.215
2016/5/20,2.093,2.108,1.685,,,,,1.233
2016/5/23,2.123,2.129,1.691,,,,,1.248
2016/5/24,2.097,2.115,1.682,,,,,1.237
2016/5/25,2.093,2.109,1.682,,,,,1.23
2016/5/26,2.102,2.119,1.684,,,,,1.235
2016/5/27,2.096,2.116,1.682,,,,,1.232
2016/5/30,2.086,2.113,1.68,,,,,1.229
2016/5/31,2.142,2.172,1.702,,,,,1.266
2016/6/1,2.158,2.175,1.704,,,,,1.279
2016/6/2,2.164,2.183,1.706,,,,,1.285
2016/6/3,2.195,2.204,1.715,,,,,1.298
2016/6/6,2.199,2.199,1.714,,,,,1.302
2016/6/7,2.203,2.203,1.714,,,,,1.31
2016/6/8,2.189,2.189,1.715,,,,,1.312
2016/6/13,2.112,2.117,1.692,,,,,1.257
2016/6/14,2.121,2.118,1.704,,,,,1.265
2016/6/15,2.174,2.166,1.723,,,,,1.304
2016/6/16,2.166,2.164,1.727,,,,,1.311
2016/6/17,2.175,2.173,1.735,,,,,1.309
2016/6/20,2.181,2.187,1.74,,,,,1.32
2016/6/21,2.162,2.181,1.73,,,,,1.311
2016/6/22,2.187,2.198,1.734,,,,,1.327
2016/6/23,2.177,2.185,1.724,,,,,1.323
2016/6/24,2.168,2.174,1.732,,,,,1.318
2016/6/27,2.214,2.209,1.748,,,,,1.34
2016/6/28,2.223,2.24,1.751,,,,,1.35
2016/6/29,2.226,2.237,1.757,,,,,1.351
2016/6/30,2.225,2.239,1.762,,,,,1.36
2016/7/1,2.218,2.244,1.764,,,,,1.352
2016/7/4,2.247,2.268,1.786,,,,,1.364
2016/7/5,2.245,2.27,1.793,,,,,1.37
2016/7/6,2.272,2.277,1.813,,,,,1.369
2016/7/7,2.281,2.278,1.816,,,,,1.377
2016/7/8,2.265,2.274,1.814,,,,,1.372
2016/7/11,2.272,2.265,1.836,,,,,1.361
2016/7/12,2.306,2.296,1.867,,,,,1.372
2016/7/13,2.318,2.315,1.867,,,,,1.382
2016/7/14,2.311,2.307,1.859,,,,,1.384
2016/7/15,2.317,2.309,1.856,,,,,1.379
2016/7/18,2.302,2.303,1.844,,,,,1.375
2016/7/19,2.3,2.3,1.842,,,,,1.376
2016/7/20,2.306,2.303,1.834,,,,,1.374
2016/7/21,2.31,2.306,1.833,,,,,1.372
2016/7/22,2.276,2.283,1.812,,,,,1.361
2016/7/25,2.278,2.293,1.803,,,,,1.367
2016/7/26,2.312,2.32,1.826,,,,,1.387
2016/7/27,2.239,2.277,1.783,,,,,1.339
2016/7/28,2.253,2.295,1.801,,,,,1.342
2016/7/29,2.249,2.285,1.791,,,,,1.332
2016/8/1,2.222,2.257,1.778,,,,,1.316
2016/8/2,2.229,2.264,1.785,,,,,1.328
2016/8/3,2.248,2.274,1.788,,,,,1.325
2016/8/4,2.253,2.275,1.786,,,,,1.331
2016/8/5,2.246,2.275,1.779,,,,,1.328
2016/8/8,2.267,2.298,1.787,,,,,1.339
2016/8/9,2.284,2.314,1.806,,,,,1.363
2016/8/10,2.267,2.3,1.809,,,,,1.357
2016/8/11,2.25,2.281,1.793,,,,,1.333
2016/8/12,2.25,2.311,1.804,,,,,1.344
2016/8/15,2.297,2.35,1.829,,,,,1.369
2016/8/16,2.303,2.351,1.835,,,,,1.381
2016/8/17,2.311,2.363,1.829,,,,,1.389
2016/8/18,2.299,2.36,1.831,,,,,1.386
2016/8/19,2.297,2.367,1.828,,,,,1.392
2016/8/22,2.276,2.343,1.814,,,,,1.377
2016/8/23,2.283,2.354,1.821,,,,,1.384
2016/8/24,2.285,2.359,1.816,,,,,1.388
2016/8/25,2.282,2.348,1.806,,,,,1.383
2016/8/26,2.281,2.351,1.808,,,,,1.4
2016/8/29,2.275,2.353,1.801,,,,,1.412
2016/8/30,2.272,2.349,1.8,,,,,1.407
2016/8/31,2.273,2.356,1.792,,,,,1.408
2016/9/1,2.27,2.348,1.788,,,,,1.409
2016/9/2,2.259,2.345,1.786,,,,,1.405
2016/9/5,2.281,2.356,1.805,,,,,1.415
2016/9/6,2.317,2.395,1.817,,,,,1.451
2016/9/7,2.305,2.399,1.832,,,,,1.457
2016/9/8,2.309,2.408,1.844,,,,,1.462
2016/9/9,2.292,2.397,1.845,,,,,1.448
2016/9/12,2.254,2.363,1.818,,,,,1.417
2016/9/13,2.264,2.365,1.821,,,,,1.427
2016/9/14,2.241,2.364,1.806,,,,,1.421
2016/9/19,2.267,2.378,1.818,,,,,1.436
2016/9/20,2.269,2.376,1.818,,,,,1.439
2016/9/21,2.269,2.381,1.847,,,,,1.447
2016/9/22,2.279,2.392,1.858,,,,,1.453
2016/9/23,2.268,2.389,1.855,,,,,1.447
2016/9/26,2.239,2.351,1.847,,,,,1.413
2016/9/27,2.252,2.36,1.852,,,,,1.42
2016/9/28,2.256,2.358,1.861,,,,,1.417
2016/9/29,2.26,2.363,1.859,,,,,1.423
2016/9/30,2.283,2.375,1.868,,,,,1.437
2016/10/10,2.31,2.401,1.875,,,,,1.466
2016/10/11,2.319,2.408,1.881,,,,,1.468
2016/10/12,2.317,2.405,1.881,,,,,1.47
2016/10/13,2.314,2.402,1.876,,,,,1.472
2016/10/14,2.306,2.405,1.868,,,,,1.475
2016/10/17,2.284,2.385,1.859,,,,,1.451
2016/10/18,2.303,2.406,1.874,,,,,1.475
2016/10/19,2.298,2.402,1.86,,,,,1.474
2016/10/20,2.297,2.413,1.86,,,,,1.475
2016/10/21,2.294,2.406,1.853,,,,,1.461
2016/10/24,2.326,2.429,1.86,,,,,1.47
2016/10/25,2.34,2.426,1.871,,,,,1.475
2016/10/26,2.324,2.416,1.864,,,,,1.47
2016/10/27,2.329,2.413,1.862,,,,,1.467
2016/10/28,2.313,2.405,1.857,,,,,1.446
2016/10/31,2.305,2.405,1.835,,,,,1.433
2016/11/1,2.327,2.419,1.848,,,,,1.449
2016/11/2,2.312,2.406,1.839,,,,,1.441
2016/11/3,2.311,2.419,1.845,,,,,1.453
2016/11/4,2.306,2.407,1.83,,,,,1.449
2016/11/7,2.294,2.405,1.827,,,,,1.449
2016/11/8,2.318,2.416,1.855,,,,,1.455
2016/11/9,2.301,2.401,1.846,,,,,1.44
2016/11/10,2.321,2.42,1.852,,,,,1.463
2016/11/11,2.303,2.419,1.841,,,,,1.471
2016/11/14,2.3,2.419,1.836,,,,,1.475
2016/11/15,2.314,2.428,1.844,,,,,1.491
2016/11/16,2.31,2.429,1.857,,,,,1.491
2016/11/17,2.306,2.431,1.862,,,,,1.483
2016/11/18,2.303,2.427,1.85,,,,,1.479
2016/11/21,2.309,2.433,1.844,,,,,1.482
2016/11/22,2.317,2.439,1.852,,,,,1.488
2016/11/23,2.323,2.439,1.846,,,,,1.481
2016/11/24,2.321,2.439,1.846,,,,,1.479
2016/11/25,2.334,2.449,1.852,,,,,1.478
2016/11/28,2.343,2.458,1.865,,,,,1.475
2016/11/29,2.353,2.454,1.872,,,,,1.462
2016/11/30,2.324,2.433,1.867,,,,,1.452
2016/12/1,2.352,2.447,1.875,,,,,1.455
2016/12/2,2.319,2.428,1.864,,,,,1.447
2016/12/5,2.302,2.441,1.869,,,,,1.449
2016/12/6,2.327,2.441,1.876,,,,,1.452
2016/12/7,2.334,2.452,1.886,,,,,1.463
2016/12/8,2.343,2.448,1.878,,,,,1.454
2016/12/9,2.349,2.45,1.875,,,,,1.443
2016/12/12,2.265,2.375,1.812,,,,,1.376
2016/12/13,2.273,2.372,1.819,,,,,1.373
2016/12/14,2.242,2.361,1.801,,,,,1.368
2016/12/15,2.224,2.351,1.799,,,,,1.375
2016/12/16,2.247,2.358,1.804,,,,,1.384
2016/12/19,2.241,2.358,1.791,,,,,1.385
2016/12/20,2.237,2.344,1.791,,,,,1.385
2016/12/21,2.251,2.362,1.797,,,,,1.4
2016/12/22,2.254,2.359,1.796,,,,,1.407
2016/12/23,2.238,2.345,1.795,,,,,1.399
2016/12/26,2.25,2.357,1.804,,,,,1.408
2016/12/27,2.249,2.359,1.8,,,,,1.411
2016/12/28,2.226,2.352,1.795,,,,,1.405
2016/12/29,2.223,2.358,1.791,,,,,1.404
2016/12/30,2.239,2.368,1.79,,,,,1.405
2016/12/31,2.239,2.368,1.79,,,,,1.405
2017/1/3,2.258,2.378,1.799,,,,,1.416
2017/1/4,2.291,2.395,1.816,,,,,1.427
2017/1/5,2.28,2.398,1.818,,,,,1.437
2017/1/6,2.27,2.382,1.811,,,,,1.44
2017/1/9,2.266,2.398,1.808,,,,,1.447
2017/1/10,2.262,2.395,1.8,,,,,1.439
2017/1/11,2.237,2.373,1.792,,,,,1.423
2017/1/12,2.217,2.362,1.774,,,,,1.412
2017/1/13,2.198,2.352,1.751,,,,,1.394
2017/1/16,2.167,2.328,1.723,,,,,1.344
2017/1/17,2.194,2.343,1.729,,,,,1.356
2017/1/18,2.208,2.365,1.718,,,,,1.355
2017/1/19,2.202,2.355,1.724,,,,,1.348
2017/1/20,2.228,2.376,1.744,,,,,1.365
2017/1/23,2.231,2.392,1.743,,,,,1.376
2017/1/24,2.232,2.398,1.747,,,,,1.373
2017/1/25,2.235,2.405,1.749,,,,0.996,1.376
2017/1/26,2.244,2.416,1.754,,,,0.996,1.382
2017/2/3,2.239,2.4,1.755,,,,0.995,1.377
2017/2/6,2.248,2.405,1.764,,,,,1.386
2017/2/7,2.245,2.401,1.749,,,,,1.383
2017/2/8,2.254,2.412,1.752,,,,,1.391
2017/2/9,2.271,2.42,1.761,,,,,1.404
2017/2/10,2.269,2.421,1.765,,,,0.998,1.403
2017/2/13,2.296,2.441,1.785,,,,,1.409
2017/2/14,2.293,2.445,1.782,,,,,1.409
2017/2/15,2.28,2.436,1.779,,,,,1.397
2017/2/16,2.294,2.448,1.793,,,,,1.401
2017/2/17,2.291,2.434,1.794,,,,0.996,1.396
2017/2/20,2.345,2.467,1.819,,,,,1.407
2017/2/21,2.352,2.479,1.831,,,,,1.417
2017/2/22,2.363,2.484,1.828,,,,,1.425
2017/2/23,2.365,2.475,1.84,,,,,1.422
2017/2/24,2.362,2.474,1.845,,,,0.998,1.424
2017/2/27,2.341,2.465,1.835,,,,,1.418
2017/2/28,2.348,2.469,1.835,,,,,1.42
2017/3/1,2.36,2.475,1.833,,,,,1.427
2017/3/2,2.351,2.462,1.823,,,,,1.42
2017/3/3,2.367,2.469,1.837,,,,1.001,1.425
2017/3/6,2.404,2.49,1.87,,,,,1.439
2017/3/7,2.42,2.499,1.869,,,,,1.445
2017/3/8,2.412,2.488,1.869,,,,,1.438
2017/3/9,2.405,2.484,1.866,,,,,1.43
2017/3/10,2.43,2.494,1.888,,,,1.014,1.428
2017/3/13,2.45,2.508,1.899,,,,,1.432
2017/3/14,2.438,2.499,1.905,,,,,1.432
2017/3/15,2.461,2.504,1.922,,,,,1.43
2017/3/16,2.462,2.525,1.919,,,,,1.443
2017/3/17,2.453,2.506,1.909,,,,1.029,1.436
2017/3/20,2.46,2.513,1.917,,,,,1.434
2017/3/21,2.511,2.528,1.938,,,,,1.443
2017/3/22,2.517,2.528,1.948,,,,,1.437
2017/3/23,2.512,2.539,1.953,,,,,1.443
2017/3/24,2.514,2.559,1.959,,,,1.038,1.443
2017/3/27,2.475,2.555,1.942,,,,,1.442
2017/3/28,2.465,2.546,1.938,,,,,1.44
2017/3/29,2.452,2.538,1.934,,,,,1.432
2017/3/30,2.436,2.51,1.918,,,,1.039,1.411
2017/3/31,2.453,2.52,1.946,,,,1.038,1.409
2017/4/5,2.461,2.571,1.951,,,,1.036,1.449
2017/4/6,2.464,2.571,1.947,,,,1.042,1.455
2017/4/7,2.475,2.577,1.963,,,,1.043,1.486
2017/4/10,2.44,2.566,1.952,,,,1.048,1.496
2017/4/11,2.421,2.561,1.94,,,,1.038,1.514
2017/4/12,2.43,2.547,1.943,,,,1.04,1.502
2017/4/13,2.46,2.559,1.963,,,,1.035,1.517
2017/4/14,2.44,2.541,1.954,,,,1.038,1.492
2017/4/17,2.466,2.538,1.963,,,,1.046,1.485
2017/4/18,2.529,2.531,2.011,,,,1.045,1.476
2017/4/19,2.54,2.516,2.013,,,,1.048,1.462
2017/4/20,2.558,2.542,2.029,,,,1.066,1.457
2017/4/21,2.534,2.54,2.021,,,,1.066,1.449
2017/4/24,2.487,2.503,2.007,,,,1.071,1.407
2017/4/25,2.538,2.532,2.03,,,,1.092,1.411
2017/4/26,2.513,2.54,2.011,,,,1.088,1.426
2017/4/27,2.521,2.536,2.011,,,,1.097,1.438
2017/4/28,2.488,2.532,1.996,,,,1.097,1.438
2017/5/2,2.502,2.531,2.028,,,,1.108,1.438
2017/5/3,2.499,2.52,2.029,,,,1.102,1.435
2017/5/4,2.495,2.531,2.023,,,,1.098,1.434
2017/5/5,2.485,2.516,2.022,,,,1.105,1.414
2017/5/8,2.425,2.471,1.995,,,,1.116,1.387
2017/5/9,2.433,2.484,1.991,,,,1.132,1.397
2017/5/10,2.436,2.469,2.007,,,,1.138,1.37
2017/5/11,2.476,2.479,2.03,,,,1.148,1.37
2017/5/12,2.488,2.489,2.031,,,,1.149,1.368
2017/5/15,2.499,2.501,2.037,,,,1.149,1.368
2017/5/16,2.541,2.541,2.053,,,,1.173,1.41
2017/5/17,2.499,2.522,2.025,,,,1.146,1.42
2017/5/18,2.478,2.516,2.008,,,,1.149,1.417
2017/5/19,2.507,2.513,2.024,,,,1.163,1.418
2017/5/22,2.516,2.521,2.03,,,,1.172,1.402
2017/5/23,2.524,2.52,2.026,,,,1.17,1.375
2017/5/24,2.513,2.526,2.021,,,,1.171,1.385
2017/5/25,2.52,2.542,2.035,,,,1.178,1.386
2017/5/26,2.53,2.534,2.037,,,,1.179,1.388
2017/5/31,2.525,2.539,2.033,,,,1.166,1.387
2017/6/1,2.531,2.535,2.042,,,,1.169,1.358
2017/6/2,2.523,2.52,2.042,,,,1.171,1.368
2017/6/5,2.53,2.518,2.052,,,,1.172,1.378
2017/6/6,2.581,2.533,2.09,,,,1.178,1.379
2017/6/7,2.633,2.574,2.109,,,,1.195,1.41
2017/6/8,2.674,2.615,2.14,,,,1.2,1.423
2017/6/9,2.681,2.643,2.151,,,,1.183,1.438
2017/6/12,2.694,2.635,2.15,,,,1.178,1.422
2017/6/13,2.695,2.642,2.152,,,,1.176,1.44
2017/6/14,2.644,2.607,2.112,,,,1.171,1.429
2017/6/15,2.643,2.605,2.119,,,,1.161,1.438
2017/6/16,2.633,2.606,2.115,,,,1.167,1.44
2017/6/19,2.674,2.632,2.149,,,,1.181,1.447
2017/6/20,2.661,2.627,2.134,,,,1.176,1.437
2017/6/21,2.725,2.665,2.174,,,,1.19,1.437
2017/6/22,2.712,2.66,2.164,,,,1.188,1.413
2017/6/23,2.757,2.671,2.196,,,,1.195,1.407
2017/6/26,2.794,2.697,2.202,,,,1.195,1.419
2017/6/27,2.798,2.709,2.197,,,,1.19,1.424
2017/6/28,2.746,2.683,2.152,,,,1.187,1.413
2017/6/29,2.763,2.707,2.167,,,,1.177,1.418
2017/6/30,2.781,2.714,2.19,,,,1.174,1.423
2017/7/3,2.737,2.7,2.162,,,,1.171,1.431
2017/7/4,2.7,2.674,2.135,,,,1.166,1.427
2017/7/5,2.753,2.713,2.181,,,,1.181,1.438
2017/7/6,2.748,2.718,2.201,,,,1.176,1.436
2017/7/7,2.712,2.702,2.177,,,,1.18,1.441
2017/7/10,2.723,2.691,2.178,,,,1.195,1.426
2017/7/11,2.783,2.717,2.21,,,,1.206,1.412
2017/7/12,2.755,2.712,2.196,,,,1.22,1.401
2017/7/13,2.758,2.729,2.207,,,,1.221,1.402
2017/7/14,2.769,2.733,2.217,,,,1.233,1.392
2017/7/17,2.73,2.692,2.216,,,,1.229,1.333
2017/7/18,2.72,2.672,2.198,,,,1.241,1.332
2017/7/19,2.74,2.715,2.206,,,,1.246,1.343
2017/7/20,2.775,2.733,2.223,,,,1.248,1.348
2017/7/21,2.761,2.719,2.213,,,,1.246,1.35
2017/7/24,2.801,2.74,2.246,,,,1.258,1.352
2017/7/25,2.792,2.718,2.244,,,,1.256,1.345
2017/7/26,2.747,2.692,2.218,,,,1.262,1.345
2017/7/27,2.731,2.697,2.209,,,,1.258,1.357
2017/7/28,2.765,2.704,2.219,,,,1.264,1.359
2017/7/31,2.762,2.702,2.216,,,,1.265,1.373
2017/8/1,2.783,2.719,2.227,,,,1.264,1.382
2017/8/2,2.765,2.707,2.206,,,,1.254,1.368
2017/8/3,2.722,2.68,2.182,,,,1.254,1.367
2017/8/4,2.697,2.653,2.16,,,,1.256,1.362
2017/8/7,2.749,2.666,2.193,,,,1.277,1.374
2017/8/8,2.743,2.666,2.194,,,,1.276,1.382
2017/8/9,2.789,2.68,2.214,,,,1.279,1.382
2017/8/10,2.778,2.667,2.203,,,,1.255,1.372
2017/8/11,2.72,2.626,2.175,,,,1.247,1.35
2017/8/14,2.764,2.67,2.206,,,,1.267,1.376
2017/8/15,2.757,2.674,2.201,,,,1.268,1.38
2017/8/16,2.745,2.674,2.19,,,,1.277,1.385
2017/8/17,2.733,2.676,2.186,,,,1.274,1.397
2017/8/18,2.74,2.684,2.205,,,,1.279,1.407
2017/8/21,2.754,2.697,2.225,,,,1.288,1.422
2017/8/22,2.759,2.702,2.231,,,,1.288,1.418
2017/8/23,2.768,2.706,2.226,,,,1.29,1.416
2017/8/24,2.77,2.696,2.235,,,,1.286,1.412
2017/8/25,2.794,2.724,2.256,,,,1.271,1.42
2017/8/28,2.816,2.748,2.28,,,,1.264,1.435
2017/8/29,2.803,2.754,2.274,,,,1.265,1.432
2017/8/30,2.812,2.752,2.283,,,,1.277,1.434
2017/8/31,2.794,2.743,2.276,,,,1.284,1.437
2017/9/1,2.791,2.748,2.269,,,,1.288,1.438
2017/9/4,2.789,2.765,2.252,,,,1.286,1.44
2017/9/5,2.803,2.773,2.263,,,,1.275,1.438
2017/9/6,2.799,2.763,2.262,,,,1.275,1.435
2017/9/7,2.786,2.756,2.255,,,,1.286,1.427
2017/9/8,2.771,2.756,2.252,,,,1.276,1.436
2017/9/11,2.77,2.746,2.252,,,,1.289,1.452
2017/9/12,2.787,2.747,2.254,,,,1.3,1.451
2017/9/13,2.817,2.76,2.274,,,,1.307,1.455
2017/9/14,2.811,2.757,2.258,,,,1.3,1.458
2017/9/15,2.836,2.76,2.279,,,,1.299,1.45
2017/9/18,2.857,2.772,2.289,,,,1.312,1.465
2017/9/19,2.845,2.769,2.284,,,,1.312,1.457
2017/9/20,2.863,2.781,2.294,,,,1.318,1.468
2017/9/21,2.869,2.779,2.291,,,,1.316,1.456
2017/9/22,2.892,2.781,2.308,,,,1.313,1.451
2017/9/25,2.89,2.766,2.298,,,,1.287,1.444
2017/9/26,2.877,2.209,2.284,,,,1.288,1.442
2017/9/27,2.879,2.216,2.289,,,,1.308,1.456
2017/9/28,2.894,2.229,2.302,,,,1.305,1.459
2017/9/29,2.921,2.248,2.324,,,,1.319,1.47
2017/10/9,2.974,2.274,2.361,,,,1.355,1.485
2017/10/10,2.986,2.28,2.369,,,,1.357,1.488
2017/10/11,3.025,2.289,2.387,,,,1.351,1.485
2017/10/12,3.039,2.302,2.396,,,,1.349,1.482
2017/10/13,3.039,2.317,2.403,,,,1.361,1.51
2017/10/16,3.035,2.322,2.396,,,,1.372,1.49
2017/10/17,3.059,2.326,2.42,,,,1.361,1.49
2017/10/18,3.096,2.343,2.449,,,,1.368,1.49
2017/10/19,3.111,2.333,2.457,,,,1.362,1.475
2017/10/20,3.07,2.321,2.43,,,,1.369,1.487
2017/10/23,3.102,2.332,2.447,,,,1.37,1.501
2017/10/24,3.116,2.344,2.464,,,,1.369,1.488
2017/10/25,3.146,2.364,2.501,,,,1.359,1.498
2017/10/26,3.176,2.367,2.497,,,,1.35,1.508
2017/10/27,3.241,2.386,2.526,,,,1.369,1.493
2017/10/30,3.242,2.384,2.545,,,,1.372,1.474
2017/10/31,3.228,2.394,2.541,,,,1.38,1.485
2017/11/1,3.206,2.385,2.525,,,,1.377,1.488
2017/11/2,3.218,2.381,2.532,,,,1.372,1.476
2017/11/3,3.209,2.379,2.517,,,,1.378,1.46
2017/11/6,3.291,2.409,2.576,,,,1.408,1.475
2017/11/7,3.292,2.411,2.596,,,,1.415,1.478
2017/11/8,3.268,2.391,2.578,,,,1.415,1.482
2017/11/9,3.29,2.429,2.6,,,,1.419,1.505
2017/11/10,3.37,2.465,2.666,,,,1.426,1.518
2017/11/13,3.365,2.478,2.668,,,,1.433,1.535
2017/11/14,3.302,2.464,2.633,,,,1.422,1.529
2017/11/15,3.31,2.437,2.615,,,,1.414,1.508
2017/11/16,3.379,2.475,2.668,,,,1.44,1.513
2017/11/17,3.363,2.453,2.66,,,,1.438,1.473
2017/11/20,3.368,2.497,2.694,,,,1.448,1.504
2017/11/21,3.447,2.54,2.753,,,,1.471,1.511
2017/11/22,3.39,2.523,2.729,,,,1.459,1.51
2017/11/23,3.256,2.421,2.6,,,,1.437,1.474
2017/11/24,3.247,2.421,2.582,,,,1.429,1.476
2017/11/27,3.197,2.368,2.546,,,,1.408,1.452
2017/11/28,3.221,2.391,2.556,,,,1.419,1.482
2017/11/29,3.179,2.381,2.538,,,,1.387,1.482
2017/11/30,3.146,2.346,2.479,,,,1.376,1.47
2017/12/1,3.137,2.344,2.481,,,,1.366,1.47
2017/12/4,3.196,2.369,2.521,,,,1.358,1.449
2017/12/5,3.212,2.374,2.525,,,,1.355,1.429
2017/12/6,3.176,2.373,2.5,,,,1.356,1.426
2017/12/7,3.132,2.345,2.471,,,,1.368,1.415
2017/12/8,3.186,2.389,2.527,,,,1.39,1.433
2017/12/11,3.287,2.441,2.6,,,,1.407,1.448
2017/12/12,3.266,2.422,2.571,,,,1.39,1.44
2017/12/13,3.326,2.449,2.608,,,,1.398,1.452
2017/12/14,3.31,2.435,2.605,,,,1.388,1.456
2017/12/15,3.28,2.405,2.581,,,,1.391,1.434
2017/12/18,3.308,2.397,2.594,,,,1.404,1.422
2017/12/19,3.35,2.436,2.624,,,,1.404,1.445
2017/12/20,3.376,2.425,2.625,,,,1.403,1.434
2017/12/21,3.4,2.469,2.653,,,,1.409,1.458
2017/12/22,3.391,2.46,2.659,,,,1.408,1.481
2017/12/25,3.395,2.45,2.66,,,,1.401,1.461
2017/12/26,3.373,2.454,2.643,,,,1.391,1.468
2017/12/27,3.304,2.4,2.598,,,,1.392,1.456
2017/12/28,3.367,2.416,2.607,,,,1.4,1.453
2017/12/29,3.356,2.432,2.615,,,,1.4,1.466
2017/12/31,3.356,2.432,2.615,,,,1.4,1.466
2018/1/2,3.398,2.462,2.655,,,,1.429,1.484
2018/1/3,3.406,2.466,2.663,,,,1.442,1.504
2018/1/4,3.45,2.483,2.701,,,,1.45,1.506
2018/1/5,3.459,2.498,2.712,,,,1.461,1.498
2018/1/8,3.466,2.499,2.697,,,,1.466,1.491
2018/1/9,3.542,2.531,2.731,,,,1.479,1.488
2018/1/10,3.563,2.533,2.739,,,,1.475,1.469
2018/1/11,3.549,2.532,2.722,,,,1.472,1.476
2018/1/12,3.602,2.541,2.746,,,,1.481,1.471
2018/1/15,3.641,2.549,2.571,,,,1.466,1.437
2018/1/16,3.675,2.573,2.57,,,,1.453,1.439
2018/1/17,3.606,2.56,2.536,,,,1.46,1.422
2018/1/18,3.62,2.579,2.543,,,,1.462,1.434
2018/1/19,3.583,2.573,2.528,,,,1.464,1.43
2018/1/22,3.69,2.621,2.604,,,,1.474,1.445
2018/1/23,3.724,2.644,2.627,,,,1.479,1.443
2018/1/24,3.688,2.638,2.609,,,,1.474,1.441
2018/1/25,3.656,2.615,2.583,,,,1.473,1.448
2018/1/26,3.69,2.614,2.599,,,,1.49,1.444
2018/1/29,3.604,2.551,2.553,,,,1.467,1.42
2018/1/30,3.569,2.542,2.553,,,,1.457,1.422
2018/1/31,3.625,2.545,2.578,,,,1.471,1.397
2018/2/1,3.612,2.516,2.551,,,,1.45,1.357
2018/2/2,3.612,2.537,2.573,,,,1.429,1.343
2018/2/5,3.576,2.527,2.546,,,,1.397,1.337
2018/2/6,3.497,2.438,2.486,,,,1.388,1.284
2018/2/7,3.375,2.382,2.411,,,,1.37,1.273
2018/2/8,3.388,2.399,2.415,,,,1.338,1.282
2018/2/9,3.284,2.326,2.34,,,,1.349,1.23
2018/2/12,3.364,2.399,2.404,,,,1.368,1.265
2018/2/13,3.423,2.428,2.428,,,,1.387,1.272
2018/2/14,3.458,2.456,2.463,,,,1.422,1.276
2018/2/22,3.549,2.506,2.512,,,,1.459,1.301
2018/2/23,3.545,2.505,2.511,,,,1.479,1.311
2018/2/26,3.564,2.542,2.541,,,,1.479,1.348
2018/2/27,3.493,2.512,2.488,,,,1.46,1.344
2018/2/28,3.436,2.501,2.464,,,,1.455,1.353
2018/3/1,3.456,2.518,2.485,,,,1.452,1.365
2018/3/2,3.442,2.493,2.473,,,,1.452,1.354
2018/3/5,3.413,2.49,2.455,,,,1.454,1.348
2018/3/6,3.44,2.526,2.491,,,,1.473,1.357
2018/3/7,3.417,2.502,2.483,,,,1.475,1.342
2018/3/8,3.477,2.542,2.519,,,,1.485,1.352
2018/3/9,3.485,2.569,2.529,,,,1.506,1.364
2018/3/12,3.482,2.601,2.549,,,,1.515,1.391
2018/3/13,3.451,2.577,2.528,,,,1.496,1.382
2018/3/14,3.443,2.565,2.525,,,,1.499,1.372
2018/3/15,3.486,2.573,2.541,,,,1.51,1.363
2018/3/16,3.452,2.535,2.521,,,,1.502,1.356
2018/3/19,3.469,2.568,2.532,,,,1.492,1.351
2018/3/20,3.457,2.584,2.523,,,,1.508,1.349
2018/3/21,3.437,2.58,2.519,,,,1.502,1.333
2018/3/22,3.364,2.545,2.485,,,,1.457,1.327
2018/3/23,3.288,2.486,2.427,,,,1.428,1.264
2018/3/26,3.254,2.491,2.419,,,,1.455,1.282
2018/3/27,3.259,2.508,2.414,,,,1.423,1.305
2018/3/28,3.164,2.458,2.35,,,,1.395,1.296
2018/3/29,3.253,2.472,2.394,,,,1.418,1.313
2018/3/30,3.242,2.492,2.386,,,,1.416,1.324
2018/4/2,3.214,2.485,2.375,,,,1.393,1.32
2018/4/3,3.211,2.464,2.365,,,,1.398,1.317
2018/4/4,3.263,2.451,2.364,,,,1.397,1.3
2018/4/9,3.234,2.435,2.343,,,,1.41,1.29
2018/4/10,3.29,2.495,2.397,,,,1.441,1.313
2018/4/11,3.319,2.509,2.405,,,,1.441,1.317
2018/4/12,3.281,2.501,2.374,,,,1.441,1.3
2018/4/13,3.244,2.476,2.355,,,,1.427,1.297
2018/4/16,3.198,2.443,2.312,,,,1.427,1.288
2018/4/17,3.154,2.395,2.281,,,,1.426,1.261
2018/4/18,3.153,2.387,2.295,,,,1.43,1.275
2018/4/19,3.218,2.421,2.344,,,,1.439,1.291
2018/4/20,3.177,2.402,2.313,,,,1.424,1.262
2018/4/23,3.194,2.389,2.321,,,,1.412,1.257
2018/4/24,3.269,2.449,2.384,,,,1.416,1.283
2018/4/25,3.269,2.483,2.382,,,,1.402,1.283
2018/4/26,3.184,2.445,2.323,,,,1.409,1.264
2018/4/27,3.156,2.475,2.33,,,,1.415,1.266
2018/5/2,3.185,2.495,2.345,,,,1.432,1.279
2018/5/3,3.222,2.503,2.359,,,,1.437,1.284
2018/5/4,3.231,2.514,2.366,,,,1.442,1.282
2018/5/7,3.316,2.542,2.407,,,,1.463,1.314
2018/5/8,3.367,2.554,2.442,,,,1.481,1.325
2018/5/9,3.362,2.548,2.433,,,,1.488,1.325
2018/5/10,3.383,2.569,2.434,,,,1.505,1.325
2018/5/11,3.365,2.555,2.433,,,,1.497,1.327
2018/5/14,3.414,2.576,2.452,,,,1.502,1.339
2018/5/15,3.424,2.611,2.464,,,,1.5,1.347
2018/5/16,3.411,2.603,2.44,,,,1.511,1.344
2018/5/17,3.367,2.597,2.413,,,,1.513,1.339
2018/5/18,3.399,2.621,2.427,,,,1.513,1.351
2018/5/21,3.402,2.643,2.45,,,,1.523,1.358
2018/5/22,3.391,2.66,2.455,,,,1.521,1.358
2018/5/23,3.339,2.637,2.428,,,,1.528,1.331
2018/5/24,3.331,2.624,2.398,,,,1.53,1.328
2018/5/25,3.329,2.615,2.384,,,,1.524,1.3
2018/5/28,3.4,2.637,2.423,,,,1.532,1.303
2018/5/29,3.378,2.595,2.385,,,,1.525,1.281
2018/5/30,3.365,2.549,2.36,,,,1.532,1.238
2018/5/31,3.481,2.619,2.413,,,,1.555,1.251
2018/6/1,3.42,2.561,2.363,,,,1.565,1.236
2018/6/4,3.487,2.507,2.38,,,,1.58,1.224
2018/6/5,3.532,2.551,2.391,,,,1.596,1.245
2018/6/6,3.528,2.543,2.389,,,,1.598,1.246
2018/6/7,3.508,2.535,2.38,,,,1.58,1.245
2018/6/8,3.489,2.516,2.354,,,,1.584,1.232
2018/6/11,3.471,2.501,2.346,,,,1.586,1.231
2018/6/12,3.555,2.522,2.386,,,,1.604,1.244
2018/6/13,3.522,2.502,2.368,,,,1.594,1.232
2018/6/14,3.489,2.483,2.346,,,,1.59,1.224
2018/6/15,3.465,2.471,2.326,,,,1.59,1.212
2018/6/19,3.351,2.397,2.248,,,,1.564,1.135
2018/6/20,3.407,2.425,2.29,,,,1.582,1.145
2018/6/21,3.387,2.401,2.279,,,,1.566,1.106
2018/6/22,3.412,2.416,2.288,,,,1.563,1.135
2018/6/25,3.414,2.404,2.264,,,,1.53,1.12
2018/6/26,3.399,2.392,2.255,,,,1.537,1.125
2018/6/27,3.3,2.34,2.222,,,,1.504,1.108
2018/6/28,3.262,2.319,2.201,,,,1.518,1.091
2018/6/29,3.358,2.387,2.255,,,,1.541,1.122
2018/6/30,3.358,2.387,2.255,,,,1.541,1.122
2018/7/2,3.298,2.344,2.19,,,,1.546,1.111
2018/7/3,3.253,2.338,2.179,,,,1.541,1.114
2018/7/4,3.216,2.308,2.146,,,,1.53,1.095
2018/7/5,3.188,2.283,2.122,,,,1.518,1.07
2018/7/6,3.211,2.304,2.148,,,,1.535,1.069
2018/7/9,3.302,2.387,2.208,,,,1.561,1.097
2018/7/10,3.314,2.395,2.203,,,,1.558,1.111
2018/7/11,3.295,2.387,2.184,,,,1.548,1.095
2018/7/12,3.366,2.437,2.235,,,,1.589,1.121
2018/7/13,3.418,2.461,2.255,,,,1.592,1.137
2018/7/16,3.422,2.457,2.258,,,,1.59,1.131
2018/7/17,3.387,2.437,2.238,,,,1.592,1.141
2018/7/18,3.361,2.423,2.229,,,,1.595,1.131
2018/7/19,3.348,2.423,2.217,,,,1.585,1.125
2018/7/20,3.355,2.453,2.228,,,,1.598,1.133
2018/7/23,3.306,2.454,2.219,,,,1.594,1.151
2018/7/24,3.363,2.464,2.245,,,,1.601,1.177
2018/7/25,3.374,2.479,2.239,,,,1.621,1.171
2018/7/26,3.33,2.452,2.221,,,,1.592,1.156
2018/7/27,3.324,2.435,2.218,,,,1.582,1.148
2018/7/30,3.272,2.415,2.185,,,,1.559,1.149
2018/7/31,3.292,2.415,2.194,,,,1.547,1.141
2018/8/1,3.244,2.378,2.149,,,,1.54,1.13
2018/8/2,3.171,2.353,2.107,,,,1.527,1.111
2018/8/3,3.082,2.301,2.073,,,,1.517,1.1
2018/8/6,3.008,2.254,2.042,,,,1.518,1.058
2018/8/7,3.082,2.316,2.093,,,,1.535,1.075
2018/8/8,3.023,2.28,2.058,1,,,1.526,1.05
2018/8/9,3.106,2.345,2.11,,,,1.544,1.074
2018/8/10,3.123,2.349,2.111,1.0002,,,1.541,1.079
2018/8/13,3.113,2.352,2.1,,,,1.519,1.076
2018/8/14,3.096,2.337,2.087,,,,1.505,1.071
2018/8/15,3.013,2.28,2.04,,,,1.476,1.048
2018/8/16,2.978,2.27,2.031,,,,1.481,1.032
2018/8/17,2.914,2.226,1.998,0.9912,,,1.47,1.02
2018/8/20,2.931,2.233,2.007,,,,1.481,1.03
2018/8/21,3.044,2.294,2.055,,,,1.489,1.043
2018/8/22,3.027,2.283,2.049,,,,1.493,1.028
2018/8/23,3.045,2.292,2.06,,,,1.49,1.031
2018/8/24,3.036,2.293,2.057,0.9999,,,1.5,1.026
2018/8/27,3.138,2.36,2.111,,,,1.527,1.051
2018/8/28,3.134,2.351,2.111,,,,1.52,1.058
2018/8/29,3.119,2.332,2.091,,,,1.528,1.048
2018/8/30,3.108,2.314,2.069,,,,1.513,1.031
2018/8/31,3.046,2.296,2.042,0.9961,,,1.506,1.019
2018/9/3,3.034,2.279,2.02,,,,1.501,1.023
2018/9/4,3.05,2.303,2.047,,,,1.5,1.027
2018/9/5,2.992,2.259,2.014,,,,1.471,1.006
2018/9/6,2.941,2.229,1.985,,,,1.454,0.989
2018/9/7,2.982,2.246,2.007,0.9971,,,1.459,0.993
2018/9/10,2.947,2.205,1.98,,,,1.44,0.975
2018/9/11,2.956,2.191,1.971,,,,1.449,0.974
2018/9/12,2.895,2.166,1.954,,,,1.441,0.975
2018/9/13,2.912,2.18,1.963,,,,1.458,0.983
2018/9/14,2.933,2.182,1.966,0.9846,,,1.459,0.982
2018/9/17,2.924,2.155,1.938,,,,1.437,0.966
2018/9/18,2.98,2.195,1.968,,,,1.446,0.983
2018/9/19,3.035,2.221,2.005,,,,1.46,0.993
2018/9/20,3.032,2.224,2.003,,,,1.47,0.992
2018/9/21,3.119,2.295,2.051,0.9925,,1,1.482,1.012
2018/9/25,3.108,2.277,2.034,,,,1.48,1.011
2018/9/26,3.166,2.312,2.063,,,,1.49,1.021
2018/9/27,3.158,2.301,2.055,,,,1.49,1.006
2018/9/28,3.191,2.321,2.075,0.9979,,1.0002,1.489,1.017
2018/10/8,3.045,2.219,2,,,,1.396,0.975
2018/10/9,3.056,2.212,2.002,0.9876,,,1.395,0.973
2018/10/10,3.008,2.207,1.991,0.9847,,,1.357,0.973
2018/10/11,2.921,2.136,1.929,0.9761,,,1.333,0.911
2018/10/12,2.978,2.179,1.957,0.9764,,1.0009,1.376,0.912
2018/10/15,2.947,2.156,1.931,0.9746,,,1.361,0.907
2018/10/16,2.922,2.133,1.929,0.9694,,,1.381,0.892
2018/10/17,2.891,2.131,1.92,0.9693,,,1.372,0.892
2018/10/18,2.811,2.092,1.882,0.9633,,,1.342,0.868
2018/10/19,2.91,2.136,1.923,0.9713,,1.0009,1.35,0.888
2018/10/22,3.033,2.209,1.99,0.9827,,1.002,1.384,0.928
2018/10/23,2.932,2.149,1.948,0.9799,,,1.352,0.913
2018/10/24,2.871,2.146,1.946,0.9762,,,1.32,0.917
2018/10/25,2.846,2.139,1.943,0.9741,,,1.343,0.914
2018/10/26,2.779,2.117,1.934,0.9727,,0.9988,1.327,0.911
2018/10/29,2.632,2.05,1.875,0.9692,,,1.291,0.897
2018/10/30,2.642,2.063,1.889,0.9733,,,1.303,0.903
2018/10/31,2.716,2.1,1.922,0.9792,,,1.342,0.915
2018/11/1,2.743,2.116,1.939,0.9796,,,1.37,0.919
2018/11/2,2.864,2.194,1.998,0.9914,,1.0032,1.388,0.946
2018/11/5,2.827,2.174,1.986,0.9879,,,1.367,0.953
2018/11/6,2.808,2.16,1.977,0.99,,,1.369,0.951
2018/11/7,2.807,2.148,1.973,0.9885,,,1.391,0.946
2018/11/8,2.806,2.139,1.975,0.9883,,,1.381,0.941
2018/11/9,2.784,2.116,1.955,0.9873,,1.0011,1.357,0.933
2018/11/12,2.8,2.133,1.969,0.9909,,,1.349,0.953
2018/11/13,2.848,2.146,1.987,0.994,,,1.361,0.962
2018/11/14,2.815,2.122,1.97,0.991,,,1.356,0.957
2018/11/15,2.822,2.138,1.979,0.9956,,,1.379,0.968
2018/11/16,2.83,2.143,1.99,0.991,,1.003,1.371,0.969
2018/11/19,2.839,2.16,1.994,0.993,,0.9998,1.347,0.974
2018/11/20,2.796,2.12,1.974,0.9857,,0.9991,1.327,0.958
2018/11/21,2.816,2.12,1.974,0.9905,,1.0019,1.345,0.956
2018/11/22,2.806,2.116,1.972,0.9908,,1.0011,1.344,0.955
2018/11/23,2.773,2.086,1.949,0.9832,,0.9993,1.33,0.931
2018/11/26,2.764,2.079,1.943,0.9819,,1.0018,1.347,0.927
2018/11/27,2.749,2.073,1.937,0.9834,,1.0019,1.347,0.929
2018/11/28,2.789,2.097,1.951,0.9867,,1.0042,1.375,0.942
2018/11/29,2.771,2.079,1.939,0.9834,,1.002,1.361,0.93
2018/11/30,2.798,2.1,1.948,0.988,,1.0037,1.377,0.936
2018/12/3,2.872,2.159,1.983,1.0006,,1.0073,1.406,0.961
2018/12/4,2.881,2.168,1.989,1.0075,,1.0003,1.38,0.964
2018/12/5,2.887,2.164,1.983,1.0089,,0.9958,1.371,0.967
2018/12/6,2.829,2.121,1.953,0.9901,,0.9957,1.36,0.959
2018/12/7,2.821,2.112,1.955,0.9736,,0.9945,1.347,0.963
2018/12/10,2.802,2.093,1.938,0.9712,,0.9961,1.347,0.956
2018/12/11,2.821,2.105,1.952,0.9778,,1.0015,1.357,0.957
2018/12/12,2.827,2.113,1.956,0.9734,,1.0018,1.37,0.959
2018/12/13,2.872,2.146,1.98,0.9829,,0.9998,1.371,0.969
2018/12/14,2.831,2.113,1.956,0.9636,,0.9954,1.352,0.957
2018/12/17,2.8,2.105,1.942,0.9546,,0.9933,1.331,0.953
2018/12/18,2.786,2.083,1.934,0.9512,,0.9908,1.327,0.951
2018/12/19,2.743,2.057,1.915,0.9331,,0.9879,1.314,0.94
2018/12/20,2.732,2.045,1.901,0.9299,,0.9859,1.303,0.94
2018/12/21,2.713,2.022,1.889,0.9214,,0.9831,1.286,0.934
2018/12/24,2.738,2.034,1.893,0.9331,,0.9869,1.287,0.936
2018/12/25,2.741,2.032,1.896,0.9352,,0.9866,1.287,0.931
2018/12/26,2.725,2.024,1.892,0.9342,,0.9881,1.31,0.927
2018/12/27,2.716,2.027,1.885,0.9317,,0.9891,1.311,0.923
2018/12/28,2.739,2.031,1.894,0.9366,,0.9855,1.313,0.928
2018/12/31,2.739,2.031,1.893,0.9366,,0.9849,1.314,0.928
2019/1/2,2.715,2.006,1.875,0.9223,,0.9818,1.305,0.917
2019/1/3,2.682,1.986,1.862,0.9103,,0.9798,1.283,0.909
2019/1/4,2.727,2.01,1.887,0.9261,,0.9856,1.316,0.924
2019/1/7,2.751,2.021,1.9,0.9326,,0.9863,1.335,0.935
2019/1/8,2.747,2.02,1.9,0.9315,,0.9861,1.344,0.933
2019/1/9,2.78,2.049,1.923,0.9357,,0.9898,1.364,0.933
2019/1/10,2.778,2.05,1.921,0.9322,,0.9864,1.358,0.934
2019/1/11,2.804,2.06,1.932,0.9308,,0.9847,1.35,0.936
2019/1/14,2.781,2.05,1.92,0.9231,,0.9786,1.331,0.933
2019/1/15,2.855,2.088,1.953,0.9332,,0.9835,1.355,0.942
2019/1/16,2.864,2.092,1.965,0.9426,,0.9881,1.361,0.94
2019/1/17,2.861,2.077,1.963,0.9393,,0.9861,1.361,0.93
2019/1/18,2.902,2.109,1.987,0.9539,,0.991,1.375,0.942
2019/1/21,2.919,2.124,2.006,0.9613,,0.9944,1.38,0.949
2019/1/22,2.882,2.1,1.976,0.9512,,0.9919,1.367,0.939
2019/1/23,2.893,2.098,1.992,0.9518,,0.9944,1.373,0.941
2019/1/24,2.909,2.104,1.992,0.9517,,0.994,1.376,0.947
2019/1/25,2.93,2.127,2.007,0.9529,,0.9979,1.394,0.946
2019/1/28,2.94,2.132,2.022,0.9493,,0.9917,1.376,0.945
2019/1/29,2.956,2.139,2.034,0.9542,,0.9894,1.368,0.937
2019/1/30,2.926,2.127,2.018,0.948,,0.9895,1.379,0.932
2019/1/31,2.941,2.149,2.036,0.9546,,0.9878,1.389,0.933
2019/2/1,2.969,2.18,2.053,0.9715,,0.9938,1.394,0.954
2019/2/11,3.046,2.215,2.088,0.9886,,1.001,1.417,0.968
2019/2/12,3.053,2.227,2.09,1,,1.0065,1.428,0.974
2019/2/13,3.087,2.259,2.11,1.0096,,1.013,1.434,0.984
2019/2/14,3.107,2.255,2.118,1.014,,1.0163,1.435,0.982
2019/2/15,3.07,2.211,2.077,1.001,,1.0046,1.422,0.974
2019/2/18,3.164,2.274,2.119,1.037,,1.0183,1.436,0.997
2019/2/19,3.149,2.272,2.12,1.0271,,1.016,1.436,0.991
2019/2/20,3.157,2.284,2.125,1.0225,,1.0143,1.439,0.994
2019/2/21,3.154,2.278,2.114,1.0209,,1.0121,1.432,0.991
2019/2/22,3.21,2.316,2.147,1.0396,,1.0223,1.46,1.013
2019/2/25,3.308,2.413,2.25,1.0718,,1.0487,1.483,1.052
2019/2/26,3.286,2.372,2.198,1.0647,,1.0391,1.471,1.045
2019/2/27,3.286,2.36,2.198,1.0534,,1.0352,1.466,1.034
2019/2/28,3.314,2.367,2.22,1.085,,1.0439,1.47,1.035
2019/3/1,3.401,2.408,2.257,1.097,,1.0647,1.481,1.043
2019/3/4,3.461,2.424,2.282,1.1203,,1.0788,1.487,1.059
2019/3/5,3.483,2.419,2.276,1.1273,,1.0798,1.493,1.065
2019/3/6,3.482,2.426,2.269,1.1236,,1.0768,1.491,1.077
2019/3/7,3.441,2.382,2.226,1.0999,,1.0613,1.47,1.072
2019/3/8,3.426,2.321,2.176,1.0836,,1.0426,1.465,1.032
2019/3/11,3.526,2.356,2.219,1.1297,,1.0861,1.498,1.061
2019/3/12,3.57,2.375,2.218,1.139,,1.1086,1.501,1.08
2019/3/13,3.52,2.351,2.214,1.1343,,1.0873,1.493,1.064
2019/3/14,3.503,2.352,2.227,1.1311,,1.0661,1.484,1.051
2019/3/15,3.579,2.395,2.257,1.1681,,1.0833,1.498,1.06
2019/3/18,3.724,2.461,2.34,1.2069,,1.1143,1.513,1.081
2019/3/19,3.702,2.451,2.326,1.1866,,1.1041,1.519,1.075
2019/3/20,3.672,2.442,2.326,1.1842,,1.1041,1.519,1.068
2019/3/21,3.667,2.433,2.32,1.1871,,1.1006,1.525,1.073
2019/3/22,3.687,2.433,2.325,1.1845,,1.0996,1.508,1.068
2019/3/25,3.627,2.376,2.276,1.1643,,1.0834,1.507,1.048
2019/3/26,3.619,2.355,2.266,1.1518,,1.0821,1.505,1.031
2019/3/27,3.706,2.398,2.305,1.1906,,1.1034,1.507,1.03
2019/3/28,3.724,2.396,2.301,1.1824,,1.1095,1.516,1.026
2019/3/29,3.85,2.48,2.37,1.2231,,1.1418,1.546,1.054
2019/4/1,3.932,2.545,2.417,1.2383,,1.1551,1.563,1.079
2019/4/2,3.892,2.539,2.419,1.2195,,1.1488,1.564,1.081
2019/4/3,3.891,2.555,2.426,1.2123,,1.1513,1.57,1.087
2019/4/4,3.939,2.569,2.446,1.2144,,1.1698,1.559,1.093
2019/4/8,3.933,2.567,2.45,1.2051,,1.1755,1.567,1.09
2019/4/9,3.99,2.565,2.482,1.2236,,1.1861,1.572,1.085
2019/4/10,4.047,2.565,2.501,1.2348,,1.1911,1.577,1.089
2019/4/11,3.922,2.505,2.437,1.1959,,1.1608,1.564,1.071
2019/4/12,3.918,2.501,2.424,1.1965,,1.1648,1.575,1.072
2019/4/15,3.91,2.487,2.432,1.1845,,1.1577,1.562,1.059
2019/4/16,3.976,2.548,2.481,1.2058,,1.1764,1.574,1.074
2019/4/17,4.005,2.547,2.481,1.2069,,1.1842,1.576,1.083
2019/4/18,4.05,2.531,2.492,1.2051,,1.1857,1.572,1.075
2019/4/19,4.099,2.556,2.526,1.2124,,1.195,1.575,1.079
2019/4/22,4.046,2.509,2.471,1.2074,,1.1879,1.577,1.062
2019/4/23,4.086,2.515,2.492,1.2096,,1.1994,1.592,1.051
2019/4/24,4.085,2.523,2.49,1.2205,,1.1973,1.596,1.054
2019/4/25,4.023,2.492,2.456,1.2191,,1.1905,1.588,1.035
2019/4/26,3.993,2.453,2.428,1.2295,,1.1869,1.598,1.024
2019/4/29,4.043,2.496,2.484,1.2565,,1.2001,1.606,1.016
2019/4/30,4.064,2.507,2.48,1.2531,,1.1971,1.6,1.023
2019/5/6,3.829,2.383,2.371,1.2062,,1.1599,1.571,0.97
2019/5/7,3.912,2.419,2.421,1.2308,,1.1648,1.557,0.979
2019/5/8,3.859,2.374,2.395,1.2066,,1.1509,1.553,0.967
2019/5/9,3.764,2.331,2.345,1.1844,,1.1329,1.539,0.956
2019/5/10,3.937,2.409,2.444,1.2201,,1.17,1.562,0.981
2019/5/13,3.913,2.379,2.438,1.2264,,1.1538,1.525,0.967
2019/5/14,3.879,2.36,2.414,1.2152,,1.1539,1.545,0.962
2019/5/15,4.03,2.418,2.476,1.2484,,1.1852,1.575,0.98
2019/5/16,4.07,2.426,2.48,1.2552,,1.1919,1.58,0.987
2019/5/17,3.969,2.381,2.435,1.2353,,1.1692,1.553,0.966
2019/5/20,3.886,2.356,2.407,1.2153,,1.1427,1.522,0.955
2019/5/21,3.936,2.385,2.433,1.2246,,1.1526,1.536,0.965
2019/5/22,3.921,2.382,2.424,1.2229,,1.1469,1.532,0.963
2019/5/23,3.817,2.337,2.385,1.2001,,1.1216,1.503,0.95
2019/5/24,3.833,2.345,2.377,1.2039,,1.1239,1.501,0.946
2019/5/27,3.855,2.364,2.384,1.2136,,1.1283,1.504,0.959
2019/5/28,3.912,2.394,2.415,1.2318,,1.1409,1.515,0.966
2019/5/29,3.912,2.387,2.421,1.2274,,1.1386,1.505,0.963
2019/5/30,3.897,2.376,2.405,1.2361,,1.1373,1.507,0.96
2019/5/31,3.88,2.377,2.394,1.2424,,1.1284,1.496,0.959
2019/6/3,3.874,2.376,2.392,1.2388,,1.1234,1.475,0.95
2019/6/4,3.811,2.355,2.364,1.2179,,1.1212,1.489,0.943
2019/6/5,3.799,2.351,2.355,1.1968,,1.1183,1.492,0.941
2019/6/6,3.765,2.332,2.343,1.188,,1.1117,1.492,0.927
2019/6/10,3.825,2.37,2.378,1.2069,,1.1399,1.534,0.938
2019/6/11,3.974,2.438,2.454,1.2371,,1.1669,1.551,0.963
2019/6/12,3.921,2.424,2.43,1.2328,,1.1565,1.54,0.956
2019/6/13,3.917,2.413,2.422,1.237,,1.1568,1.542,0.958
2019/6/14,3.896,2.401,2.406,1.2375,,1.1519,1.535,0.95
2019/6/17,3.876,2.399,2.406,1.2328,,1.1543,1.536,0.948
2019/6/18,3.892,2.41,2.416,1.2461,,1.167,1.556,0.952
2019/6/19,3.949,2.374,2.453,1.2583,,1.1805,1.573,0.965
2019/6/20,4.087,2.444,2.527,1.2919,,1.2084,1.594,0.987
2019/6/21,4.077,2.44,2.515,1.2901,,1.2062,1.587,0.991
2019/6/24,4.121,2.446,2.525,1.2993,,1.2112,1.588,0.993
2019/6/25,4.118,2.416,2.503,1.2992,,1.2067,1.565,0.985
2019/6/26,4.134,2.418,2.514,1.3194,,1.2129,1.581,0.987
2019/6/27,4.211,2.451,2.548,1.3374,,1.2325,1.597,0.998
2019/6/28,4.222,2.452,2.556,1.3347,,1.236,1.598,0.995
2019/6/30,4.222,2.452,2.556,1.3345,,1.2359,1.597,0.995
2019/7/1,4.374,2.521,2.622,1.362,,1.2682,1.628,1.015
2019/7/2,4.374,2.52,2.624,1.3775,,1.2748,1.634,1.019
2019/7/3,4.28,2.482,2.589,1.3507,,1.2631,1.627,1.008
2019/7/4,4.209,2.461,2.561,1.3246,,1.2555,1.622,1.003
2019/7/5,4.29,2.476,2.592,1.346,,1.2633,1.622,1.008
2019/7/8,4.209,2.434,2.543,1.3257,,1.2539,1.6,0.989
2019/7/9,4.208,2.427,2.533,1.327,,1.2555,1.608,0.988
2019/7/10,4.227,2.431,2.538,1.331,,1.2619,1.614,0.987
2019/7/11,4.208,2.436,2.534,1.3285,,1.2561,1.612,0.989
2019/7/12,4.245,2.453,2.563,1.3321,,1.2627,1.617,0.993
2019/7/15,4.228,2.45,2.55,1.3351,,1.269,1.628,0.999
2019/7/16,4.182,2.434,2.53,1.32,,1.2688,1.618,0.996
2019/7/17,4.178,2.434,2.528,1.3156,,1.2673,1.615,0.996
2019/7/18,4.149,2.412,2.515,1.3051,,1.2585,1.606,0.986
2019/7/19,4.173,2.438,2.538,1.3139,,1.2588,1.604,0.994
2019/7/22,4.179,2.438,2.546,1.3164,,1.2646,1.612,0.99
2019/7/23,4.157,2.45,2.538,1.3176,,1.268,1.627,0.999
2019/7/24,4.169,2.468,2.546,1.3276,,1.2742,1.643,1.006
2019/7/25,4.212,2.493,2.571,1.3306,,1.276,1.631,1.008
2019/7/26,4.237,2.502,2.582,1.3497,,1.275,1.634,1.011
2019/7/29,4.254,2.502,2.588,1.3417,,1.2766,1.627,1.016
2019/7/30,4.252,2.508,2.59,1.3427,,1.2735,1.622,1.021
2019/7/31,4.209,2.489,2.57,1.3352,,1.2654,1.605,1.016
2019/8/1,4.169,2.473,2.545,1.3269,,1.2519,1.596,1.013
2019/8/2,4.157,2.448,2.527,1.3335,,1.2397,1.573,1.005
2019/8/5,4.092,2.401,2.492,1.3133,,1.2139,1.528,0.989
2019/8/6,4.096,2.384,2.496,1.3186,,1.2273,1.542,0.979
2019/8/7,4.083,2.382,2.481,1.3304,,1.237,1.555,0.978
2019/8/8,4.146,2.418,2.511,1.3539,,1.2563,1.585,0.993
2019/8/9,4.099,2.39,2.488,1.3612,,1.2435,1.573,0.985
2019/8/12,4.175,2.428,2.528,1.3787,,1.2531,1.572,0.994
2019/8/13,4.148,2.403,2.502,1.3794,,1.253,1.589,0.987
2019/8/14,4.212,2.415,2.533,1.3974,,1.2507,1.569,0.991
2019/8/15,4.212,2.428,2.536,1.3962,,1.2547,1.576,0.997
2019/8/16,4.257,2.437,2.555,1.4141,,1.2733,1.601,1
2019/8/19,4.297,2.472,2.585,1.438,,1.2888,1.622,1.017
2019/8/20,4.299,2.479,2.592,1.4318,,1.2874,1.618,1.012
2019/8/21,4.299,2.468,2.601,1.4239,,1.2954,1.623,1.013
2019/8/22,4.341,2.481,2.612,1.4318,,1.2951,1.622,1.019
2019/8/23,4.392,2.514,2.632,1.4653,,1.2875,1.601,1.016
2019/8/26,4.358,2.485,2.6,1.4651,,1.287,1.61,1.012
2019/8/27,4.429,2.502,2.618,1.4762,,1.2989,1.618,1.028
2019/8/28,4.432,2.486,2.607,1.4721,,1.2984,1.618,1.026
2019/8/29,4.434,2.477,2.609,1.4749,,1.3126,1.638,1.029
2019/8/30,4.487,2.48,2.62,1.4912,,1.3217,1.639,1.027
2019/9/2,4.52,2.502,2.64,1.5044,,1.3268,1.643,1.041
2019/9/3,4.511,2.504,2.635,1.4948,,1.3201,1.63,1.044
2019/9/4,4.494,2.511,2.635,1.4857,,1.3276,1.645,1.048
2019/9/5,4.506,2.541,2.652,1.4803,,1.3428,1.671,1.055
2019/9/6,4.5,2.553,2.659,1.4854,,1.3448,1.669,1.051
2019/9/9,4.499,2.553,2.656,1.4892,,1.347,1.662,1.061
2019/9/10,4.481,2.545,2.643,1.4957,,1.3346,1.644,1.063
2019/9/11,4.361,2.516,2.604,1.4698,,1.3242,1.646,1.054
2019/9/12,4.421,2.542,2.628,1.479,,1.3379,1.658,1.058
2019/9/16,4.413,2.541,2.615,1.4891,,1.3343,1.653,1.06
2019/9/17,4.389,2.509,2.592,1.4826,,1.3341,1.659,1.045
2019/9/18,4.479,2.52,2.621,1.5043,,1.3502,1.665,1.049
2019/9/19,4.474,2.525,2.631,1.5157,,1.3484,1.671,1.052
2019/9/20,4.513,2.538,2.649,1.5222,,1.3555,1.668,1.055
2019/9/23,4.482,2.512,2.636,1.5066,,1.3451,1.656,1.047
2019/9/24,4.525,2.514,2.645,1.5331,,1.3398,1.635,1.05
2019/9/25,4.499,2.506,2.647,1.5363,,1.3468,1.644,1.045
2019/9/26,4.471,2.494,2.654,1.5197,,1.3432,1.64,1.027
2019/9/27,4.485,2.507,2.642,1.5245,,1.3321,1.612,1.029
2019/9/30,4.426,2.486,2.615,1.5228,,1.3335,1.617,1.027
2019/10/8,4.449,2.507,2.629,1.5282,,1.3251,1.6,1.035
2019/10/9,4.433,2.505,2.62,1.5229,,1.3272,1.608,1.04
2019/10/10,4.489,2.528,2.654,1.5779,,1.339,1.619,1.054
2019/10/11,4.522,2.548,2.666,1.5846,,1.3566,1.638,1.055
2019/10/14,4.531,2.569,2.671,1.5823,,1.3575,1.64,1.064
2019/10/15,4.549,2.56,2.673,1.5829,,1.3769,1.66,1.054
2019/10/16,4.536,2.558,2.67,1.6002,,1.3809,1.65,1.053
2019/10/17,4.562,2.57,2.695,1.6094,,1.3848,1.654,1.048
2019/10/18,4.513,2.55,2.687,1.6023,,1.3672,1.632,1.042
2019/10/21,4.506,2.552,2.689,1.5731,,1.3744,1.645,1.042
2019/10/22,4.535,2.565,2.686,1.5923,,1.359,1.624,1.05
2019/10/23,4.48,2.554,2.664,1.5608,,1.351,1.625,1.043
2019/10/24,4.444,2.549,2.644,1.5551,,1.3622,1.652,1.04
2019/10/25,4.502,2.567,2.658,1.573,,1.3828,1.664,1.05
2019/10/28,4.557,2.575,2.671,1.597,,1.3981,1.682,1.055
2019/10/29,4.581,2.578,2.667,1.6129,,1.397,1.669,1.048
2019/10/30,4.585,2.581,2.656,1.6078,,1.4025,1.679,1.047
2019/10/31,4.604,2.573,2.649,1.6165,,1.3991,1.675,1.052
2019/11/1,4.685,2.623,2.684,1.6351,,1.3968,1.685,1.066
2019/11/4,4.723,2.647,2.708,1.6679,,1.4175,1.701,1.077
2019/11/5,4.75,2.667,2.724,1.6647,,1.4236,1.705,1.085
2019/11/6,4.717,2.665,2.704,1.649,,1.4133,1.696,1.08
2019/11/7,4.719,2.667,2.717,1.6615,,1.4217,1.704,1.081
2019/11/8,4.721,2.665,2.708,1.6545,,1.419,1.702,1.077
2019/11/11,4.659,2.629,2.669,1.6223,,1.4037,1.692,1.063
2019/11/12,4.654,2.628,2.664,1.6311,,1.4036,1.701,1.065
2019/11/13,4.705,2.645,2.672,1.6683,,1.4046,1.7,1.067
2019/11/14,4.751,2.647,2.679,1.6873,,1.409,1.7,1.073
2019/11/15,4.719,2.635,2.664,1.6728,,1.4031,1.709,1.065
2019/11/18,4.724,2.654,2.682,1.671,,1.4027,1.71,1.069
2019/11/19,4.768,2.691,2.706,1.7046,,1.4115,1.719,1.085
2019/11/20,4.755,2.668,2.692,1.7004,,1.4021,1.705,1.077
2019/11/21,4.716,2.648,2.672,1.6698,,1.3923,1.698,1.074
2019/11/22,4.588,2.61,2.627,1.6047,,1.3862,1.699,1.068
2019/11/25,4.564,2.614,2.624,1.5899,,1.3882,1.717,1.065
2019/11/26,4.605,2.618,2.637,1.6046,,1.402,1.727,1.073
2019/11/27,4.606,2.621,2.64,1.5896,,1.4068,1.739,1.072
2019/11/28,4.596,2.613,2.635,1.5956,,1.4004,1.736,1.07
2019/11/29,4.519,2.582,2.614,1.5578,,1.3867,1.721,1.063
2019/12/2,4.5,2.59,2.617,1.5421,,1.3858,1.707,1.065
2019/12/3,4.513,2.594,2.626,1.5451,,1.385,1.702,1.069
2019/12/4,4.533,2.596,2.633,1.5607,,1.3842,1.701,1.067
2019/12/5,4.574,2.626,2.652,1.581,,1.4014,1.72,1.073
2019/12/6,4.65,2.647,2.678,1.594,,1.4157,1.732,1.081
2019/12/9,4.609,2.628,2.668,1.5636,,1.4068,1.722,1.085
2019/12/10,4.629,2.652,2.679,1.5832,,1.4044,1.724,1.09
2019/12/11,4.586,2.651,2.671,1.5825,,1.405,1.732,1.087
2019/12/12,4.564,2.645,2.657,1.5853,,1.4052,1.743,1.09
2019/12/13,4.645,2.69,2.696,1.6122,,1.4155,1.754,1.101
2019/12/16,4.622,2.696,2.693,1.6105,,1.4167,1.762,1.109
2019/12/17,4.648,2.725,2.715,1.6167,,1.429,1.771,1.119
2019/12/18,4.636,2.711,2.707,1.5937,,1.4292,1.772,1.112
2019/12/19,4.612,2.698,2.695,1.5863,,1.4278,1.773,1.111
2019/12/20,4.604,2.695,2.702,1.5692,,1.426,1.775,1.106
2019/12/23,4.574,2.681,2.69,1.5659,,1.4352,1.779,1.1
2019/12/24,4.598,2.696,2.696,1.5675,,1.4369,1.782,1.112
2019/12/25,4.577,2.7,2.693,1.5697,,1.434,1.781,1.118
2019/12/26,4.605,2.708,2.716,1.5777,,1.4427,1.787,1.126
2019/12/27,4.618,2.708,2.719,1.5704,,1.4456,1.791,1.128
2019/12/30,4.704,2.729,2.748,1.5775,,1.4464,1.782,1.141
2019/12/31,4.734,2.753,2.751,1.5971,,1.4475,1.784,1.146
2020/1/2,4.729,2.788,2.785,1.5973,,1.4654,1.825,1.16
2020/1/3,4.686,2.778,2.771,1.5803,,1.453,1.818,1.159
2020/1/6,4.665,2.767,2.76,1.5686,,1.4612,1.828,1.168
2020/1/7,4.715,2.781,2.785,1.5998,,1.471,1.842,1.176
2020/1/8,4.686,2.752,2.765,1.5972,1,1.4642,1.842,1.167
2020/1/9,4.773,2.799,2.799,1.6535,,1.4938,1.868,1.181
2020/1/10,4.826,2.8,2.803,1.6539,0.9999,1.5033,1.863,1.178
2020/1/13,4.874,2.825,2.819,1.6725,,1.5206,1.892,1.189
2020/1/14,4.814,2.824,2.806,1.6581,,1.5118,1.88,1.194
2020/1/15,4.843,2.815,2.733,1.6817,,1.5251,1.886,1.189
2020/1/16,4.838,2.812,2.731,1.7073,,1.5425,1.903,1.187
2020/1/17,4.851,2.814,2.736,1.7254,1.001,1.5476,1.907,1.186
2020/1/20,4.847,2.827,2.731,1.7513,,1.5308,1.91,1.196
2020/1/21,4.752,2.785,2.68,1.7561,,1.5029,1.891,1.179
2020/1/22,4.776,2.807,2.684,1.7484,,1.5269,1.91,1.194
2020/1/23,4.613,2.718,2.605,1.7006,0.9848,1.4863,1.885,1.163
2020/2/3,4.288,2.533,2.451,1.6286,,1.4494,1.844,1.072
2020/2/4,4.411,2.636,2.532,1.6837,,1.5004,1.912,1.114
2020/2/5,4.453,2.662,2.551,1.7158,,1.5058,1.906,1.136
2020/2/6,4.52,2.713,2.588,1.775,,1.5436,1.94,1.154
2020/2/7,4.522,2.699,2.596,1.7592,0.99,1.5401,1.932,1.166
2020/2/10,4.56,2.708,2.607,1.7599,,1.5556,1.947,1.18
2020/2/11,4.662,2.739,2.642,1.7748,,1.5741,1.955,1.178
2020/2/12,4.682,2.761,2.656,1.7989,,1.5876,1.971,1.199
2020/2/13,4.634,2.753,2.635,1.7838,,1.5918,1.969,1.195
2020/2/14,4.656,2.766,2.644,1.7891,1.006,1.5977,1.972,1.197
2020/2/17,4.721,2.817,2.678,1.8337,,1.6056,1.98,1.221
2020/2/18,4.703,2.793,2.676,1.8309,,1.6056,1.971,1.227
2020/2/19,4.749,2.787,2.689,1.8009,,1.6227,1.998,1.229
2020/2/20,4.886,2.845,2.748,1.8285,,1.6344,1.991,1.244
2020/2/21,4.875,2.849,2.745,1.8442,1.0184,1.621,1.968,1.251
2020/2/24,4.829,2.84,2.737,1.8583,,1.6061,1.922,1.253
2020/2/25,4.827,2.832,2.727,1.8804,,1.618,1.907,1.259
2020/2/26,4.721,2.772,2.686,1.823,,1.5914,1.898,1.222
2020/2/27,4.783,2.789,2.692,1.8349,,1.593,1.861,1.229
2020/2/28,4.637,2.704,2.616,1.7892,0.98,1.5569,1.848,1.183
2020/3/2,4.759,2.77,2.677,1.8289,,1.5831,1.897,1.222
2020/3/3,4.821,2.79,2.686,1.8769,,1.5763,1.864,1.238
2020/3/4,4.857,2.8,2.722,1.882,,1.5975,1.905,1.243
2020/3/5,5.029,2.864,2.789,1.9211,,1.6134,1.894,1.259
2020/3/6,4.957,2.841,2.773,1.9195,1.0102,1.5925,1.851,1.247
2020/3/9,4.789,2.743,2.702,1.8737,,1.5305,1.758,1.197
2020/3/10,4.904,2.791,2.749,1.8762,,1.5718,1.825,1.218
2020/3/11,4.868,2.76,2.727,1.8452,,1.5672,1.777,1.206
2020/3/12,4.759,2.7,2.671,1.7875,,1.4865,1.667,1.185
2020/3/13,4.704,2.668,2.66,1.7694,0.9579,1.5219,1.751,1.178
2020/3/16,4.506,2.554,2.542,1.6858,,1.4154,1.602,1.122
2020/3/17,4.457,2.532,2.521,1.6874,,1.4385,1.665,1.125
2020/3/18,4.383,2.501,2.497,1.6774,,1.3906,1.601,1.122
2020/3/19,4.29,2.465,2.467,1.6479,,1.3913,1.616,1.115
2020/3/20,4.408,2.51,2.515,1.6838,0.9058,1.4405,1.628,1.125
2020/3/23,4.281,2.424,2.461,1.65,,1.4042,1.609,1.076
2020/3/24,4.436,2.48,2.526,1.6997,,1.5008,1.708,1.101
2020/3/25,4.566,2.552,2.571,1.7587,,1.532,1.722,1.128
2020/3/26,4.56,2.553,2.565,1.7862,,1.5468,1.762,1.125
2020/3/27,4.583,2.547,2.573,1.7877,0.9252,1.5133,1.708,1.119
2020/3/30,4.534,2.523,2.547,1.758,,1.5161,1.734,1.096
2020/3/31,4.622,2.536,2.576,1.7897,,1.5617,1.751,1.116
2020/4/1,4.596,2.535,2.567,1.7657,,1.5327,1.709,1.112
2020/4/2,4.651,2.575,2.593,1.7877,,1.5316,1.728,1.129
2020/4/3,4.635,2.576,2.579,1.7944,0.931,1.5152,1.709,1.125
2020/4/7,4.747,2.625,2.646,1.8442,0.9508,1.5705,1.785,1.156
2020/4/8,4.725,2.614,2.64,1.8384,0.9459,1.5568,1.781,1.15
2020/4/9,4.776,2.629,2.659,1.9029,0.9522,1.5725,1.789,1.16
2020/4/10,4.765,2.612,2.631,1.8765,0.9473,1.5657,1.783,1.147
2020/4/13,4.767,2.61,2.645,1.8829,0.9464,1.5722,1.791,1.141
2020/4/14,4.868,2.652,2.68,1.9177,0.9567,1.6155,1.841,1.17
2020/4/15,4.817,2.627,2.657,1.8938,0.9508,1.6002,1.831,1.162
2020/4/16,4.823,2.63,2.681,1.9091,0.9533,1.633,1.868,1.166
2020/4/17,4.855,2.659,2.73,1.8943,0.9616,1.6456,1.879,1.173
2020/4/20,4.889,2.673,2.751,1.9288,0.9678,1.6569,1.875,1.189
2020/4/21,4.829,2.648,2.725,1.9127,0.9604,1.6281,1.834,1.181
2020/4/22,4.963,2.678,2.767,1.9508,0.9721,1.6724,1.879,1.193
2020/4/23,4.97,2.677,2.776,1.9609,0.9729,1.66,1.867,1.192
2020/4/24,4.963,2.665,2.758,1.9295,0.9671,1.6474,1.868,1.183
2020/4/27,4.981,2.69,2.768,1.9658,0.9756,1.6686,1.894,1.183
2020/4/28,5.058,2.717,2.81,2.0041,0.9821,1.6774,1.879,1.186
2020/4/29,5.046,2.722,2.825,1.9787,0.9866,1.705,1.925,1.19
2020/4/30,5.005,2.733,2.804,1.9414,0.9879,1.7013,1.921,1.212
2020/5/6,5.067,2.748,2.828,1.9847,0.9888,1.6966,1.924,1.222
2020/5/7,5.128,2.749,2.876,1.9919,0.9935,1.7212,1.951,1.22
2020/5/8,5.195,2.773,2.89,2.0068,1.0048,1.7503,1.985,1.233
2020/5/11,5.174,2.763,2.882,1.9746,1.0028,1.7554,1.998,1.229
2020/5/12,5.258,2.779,2.915,2.0279,1.008,1.7648,1.99,1.237
2020/5/13,5.36,2.794,2.941,2.0851,1.0158,1.7795,1.985,1.239
2020/5/14,5.339,2.769,2.925,2.0721,1.0112,1.782,2.004,1.23
2020/5/15,5.333,2.75,2.926,2.0638,1.0059,1.7881,2.01,1.235
2020/5/18,5.409,2.77,2.955,2.1021,1.0151,1.8134,2.049,1.233
2020/5/19,5.47,2.806,3.008,2.1225,1.0241,1.8279,2.063,1.258
2020/5/20,5.4,2.782,2.976,2.085,1.0224,1.8205,2.073,1.257
2020/5/21,5.429,2.781,2.994,2.1041,1.0221,1.794,2.048,1.241
2020/5/22,5.312,2.717,2.95,2.0659,0.9935,1.7564,2.021,1.221
2020/5/25,5.397,2.729,2.998,2.1036,1.0033,1.7912,2.036,1.222
2020/5/26,5.503,2.77,3.051,2.1473,1.0237,1.8324,2.057,1.245
2020/5/27,5.455,2.736,3.026,2.0974,1.0134,1.7933,2.034,1.243
2020/5/28,5.454,2.74,3.007,2.087,1.0106,1.7849,2.03,1.229
2020/5/29,5.576,2.768,3.065,2.1438,1.0265,1.855,2.079,1.24
2020/6/1,5.701,2.828,3.134,2.181,1.0512,1.9055,2.114,1.27
2020/6/2,5.587,2.82,3.083,2.1421,1.0444,1.9031,2.119,1.266
2020/6/3,5.564,2.83,3.086,2.1525,1.0531,1.921,2.138,1.268
2020/6/4,5.589,2.827,3.086,2.1703,1.0593,1.9115,2.126,1.283
2020/6/5,5.629,2.84,3.118,2.1989,1.0607,1.9209,2.153,1.285
2020/6/8,5.576,2.842,3.092,2.1697,1.0494,1.8994,2.147,1.286
2020/6/9,5.662,2.866,3.142,2.2065,1.0567,1.9028,2.154,1.299
2020/6/10,5.709,2.874,3.158,2.2569,1.0667,1.9332,2.191,1.305
2020/6/11,5.686,2.857,3.142,2.2443,1.0598,1.8981,2.129,1.306
2020/6/12,5.758,2.872,3.187,2.267,1.0739,1.9277,2.151,1.298
2020/6/15,5.685,2.845,3.161,2.2933,1.0589,1.9332,2.168,1.283
2020/6/16,5.824,2.891,3.237,2.3358,1.0892,1.9753,2.205,1.311
2020/6/17,5.836,2.893,3.227,2.3593,1.0938,1.9903,2.236,1.303
2020/6/18,5.845,2.905,3.216,2.3185,1.1034,2.0053,2.248,1.316
2020/6/19,5.982,2.937,3.283,2.394,1.1252,2.047,2.26,1.352
2020/6/22,5.933,2.928,3.274,2.3916,1.1212,2.0216,2.269,1.362
2020/6/23,6.047,2.955,3.317,2.4665,1.144,2.0461,2.299,1.371
2020/6/24,6.04,2.97,3.333,2.4393,1.1419,2.036,2.269,1.376
2020/6/29,6.071,2.965,3.338,2.4789,1.1457,2.0363,2.257,1.376
2020/6/30,6.202,3.009,3.397,2.5117,1.1683,2.069,2.298,1.398
2020/7/1,6.322,3.08,3.451,2.4559,1.184,2.0847,2.319,1.406
2020/7/2,6.365,3.113,3.472,2.4125,1.2029,2.1274,2.352,1.406
2020/7/3,6.406,3.158,3.533,2.4415,1.2313,2.1599,2.363,1.421
2020/7/6,6.568,3.296,3.603,2.4172,1.2563,2.1979,2.416,1.462
2020/7/7,6.724,3.327,3.654,2.4645,1.2576,2.2005,2.401,1.522
2020/7/8,6.776,3.356,3.672,2.4739,1.2923,2.2461,2.464,1.544
2020/7/9,6.859,3.395,3.734,2.5658,1.3201,2.287,2.506,1.577
2020/7/10,6.947,3.361,3.783,2.6049,1.3252,2.3146,2.492,1.571
2020/7/13,7.097,3.418,3.818,2.6735,1.3489,2.308,2.447,1.636
2020/7/14,7.097,3.389,3.792,2.6504,1.3357,2.2666,2.44,1.6
2020/7/15,7.152,3.395,3.828,2.6975,1.3497,2.2802,2.451,1.584
2020/7/16,6.708,3.254,3.666,2.5448,1.2712,2.1555,2.375,1.529
2020/7/17,6.906,3.325,3.746,2.598,1.3023,2.2325,2.4,1.54
2020/7/20,6.908,3.41,3.76,2.5602,1.3116,2.3011,2.457,1.577
2020/7/21,7.036,3.43,3.799,2.6698,1.3567,2.3444,2.473,1.594
2020/7/22,7.128,3.452,3.83,2.7142,1.3499,2.3174,2.459,1.603
2020/7/23,7.222,3.478,3.885,2.8001,1.3812,2.3908,2.441,1.608
2020/7/24,6.825,3.318,3.71,2.6471,1.3059,2.2939,2.404,1.513
2020/7/27,6.837,3.336,3.708,2.681,1.3022,2.3312,2.448,1.505
2020/7/28,7.034,3.381,3.772,2.6854,1.3356,2.348,2.436,1.54
2020/7/29,7.194,3.45,3.847,2.7585,1.3583,2.3906,2.481,1.576
2020/7/30,7.186,3.445,3.838,2.7583,1.3654,2.3968,2.486,1.573
2020/7/31,7.286,3.482,3.902,2.7902,1.3809,2.4357,2.515,1.602
2020/8/3,7.345,3.503,3.927,2.834,1.3938,2.4809,2.571,1.634
2020/8/4,7.257,3.506,3.906,2.8094,1.3965,2.4874,2.582,1.637
2020/8/5,7.295,3.51,3.931,2.8453,1.4136,2.5391,2.613,1.643
2020/8/6,7.181,3.496,3.888,2.7782,1.3958,2.5147,2.619,1.641
2020/8/7,7.14,3.462,3.867,2.7494,1.3842,2.4647,2.549,1.628
2020/8/10,7.135,3.472,3.846,2.7426,1.3664,2.432,2.512,1.617
2020/8/11,7.13,3.456,3.816,2.7091,1.3575,2.4126,2.488,1.6
2020/8/12,6.997,3.412,3.737,2.6329,1.3257,2.3782,2.512,1.587
2020/8/13,6.993,3.403,3.753,2.593,1.3265,2.3769,2.507,1.591
2020/8/14,7.14,3.458,3.801,2.6015,1.343,2.4055,2.498,1.624
2020/8/17,7.208,3.499,3.836,2.6191,1.3529,2.4415,2.542,1.634
2020/8/18,7.329,3.511,3.903,2.6634,1.3834,2.4777,2.577,1.642
2020/8/19,7.212,3.467,3.865,2.6037,1.3618,2.4541,2.548,1.604
2020/8/20,7.127,3.437,3.838,2.5946,1.3524,2.4392,2.568,1.578
2020/8/21,7.262,3.475,3.892,2.6301,1.3723,2.4705,2.573,1.599
2020/8/24,7.302,3.507,3.902,2.6345,1.4072,2.5049,2.613,1.635
2020/8/25,7.381,3.529,3.93,2.6616,1.412,2.5226,2.64,1.634
2020/8/26,7.323,3.518,3.9,2.6671,1.4143,2.497,2.671,1.603
2020/8/27,7.383,3.534,3.944,2.7144,1.4376,2.5027,2.663,1.629
2020/8/28,7.595,3.631,4.013,2.7997,1.4652,2.529,2.682,1.646
2020/8/31,7.572,3.599,4.009,2.7868,1.4422,2.5131,2.668,1.63
2020/9/1,7.59,3.621,4.041,2.7954,1.4519,2.5428,2.725,1.68
2020/9/2,7.607,3.635,4.074,2.7915,1.4633,2.5115,2.732,1.683
2020/9/3,7.574,3.629,4.038,2.7802,1.451,2.4707,2.624,1.665
2020/9/4,7.435,3.578,3.992,2.7255,1.4254,2.4538,2.582,1.639
2020/9/7,7.187,3.488,3.879,2.6176,1.3788,2.4427,2.562,1.597
2020/9/8,7.12,3.497,3.845,2.6144,1.3647,2.3762,2.475,1.585
2020/9/9,6.921,3.404,3.741,2.5149,1.3316,2.3511,2.506,1.532
2020/9/10,7.021,3.436,3.795,2.5177,1.3401,2.3357,2.476,1.528
2020/9/11,7.146,3.477,3.869,2.5657,1.3687,2.3869,2.49,1.565
2020/9/14,7.179,3.505,3.905,2.551,1.3878,2.4329,2.541,1.594
2020/9/15,7.287,3.549,3.966,2.582,1.4018,2.4535,2.574,1.627
2020/9/16,7.169,3.524,3.932,2.5358,1.3906,2.4516,2.539,1.63
2020/9/17,7.065,3.504,3.886,2.4922,1.3619,2.4207,2.507,1.661
2020/9/18,7.161,3.563,3.932,2.5187,1.3848,2.4408,2.502,1.673
2020/9/21,7.052,3.528,3.887,2.4974,1.361,2.3888,2.498,1.656
2020/9/22,7.041,3.492,3.878,2.5108,1.3608,2.3896,2.523,1.635
2020/9/23,7.144,3.513,3.933,2.5869,1.3803,2.4083,2.491,1.643
2020/9/24,7.017,3.455,3.862,2.5534,1.3508,2.3564,2.476,1.602
2020/9/25,7.032,3.454,3.887,2.5656,1.3498,2.3501,2.509,1.611
2020/9/28,7.079,3.474,3.907,2.5325,1.3625,2.3854,2.545,1.613
2020/9/29,7.124,3.482,3.934,2.5541,1.3718,2.3409,2.536,1.639
2020/9/30,7.147,3.485,3.948,2.5923,1.3841,2.367,2.555,1.655
2020/10/9,7.237,3.535,3.991,2.6432,1.4267,2.449,2.669,1.736
2020/10/12,7.436,3.647,4.096,2.7272,1.4734,2.4846,2.699,1.793
2020/10/13,7.479,3.68,4.119,2.7669,1.4794,2.499,2.713,1.808
2020/10/14,7.434,3.682,4.098,2.7635,1.4766,2.4952,2.701,1.809
2020/10/15,7.401,3.676,4.065,2.7419,1.4544,2.4526,2.677,1.8
2020/10/16,7.344,3.665,4.05,2.7427,1.4527,2.4581,2.673,1.766
2020/10/19,7.224,3.641,3.996,2.6787,1.4297,2.3972,2.629,1.749
2020/10/20,7.348,3.675,4.047,2.7151,1.4476,2.4318,2.654,1.796
2020/10/21,7.302,3.556,4.015,2.72,1.4541,2.4209,2.629,1.759
2020/10/22,7.28,3.545,3.995,2.6934,1.446,2.4042,2.6,1.767
2020/10/23,7.071,3.486,3.92,2.604,1.416,2.3719,2.597,1.737
2020/10/26,7.038,3.458,3.918,2.6304,1.4068,2.3749,2.58,1.765
2020/10/27,7.116,3.479,3.939,2.7017,1.4239,2.3909,2.614,1.786
2020/10/28,7.276,3.528,3.986,2.7259,1.4566,2.4315,2.584,1.822
2020/10/29,7.398,3.552,4.024,2.7772,1.491,2.48,2.628,1.836
2020/10/30,7.25,3.506,3.98,2.7449,1.4624,2.4258,2.562,1.834
2020/11/2,7.266,3.553,4,2.7548,1.4715,2.4522,2.576,1.901
2020/11/3,7.332,3.578,4.018,2.7841,1.4792,2.4656,2.597,1.888
2020/11/4,7.401,3.629,4.069,2.8093,1.5002,2.5132,2.697,1.92
2020/11/5,7.446,3.665,4.091,2.8011,1.5308,2.5678,2.768,1.995
2020/11/6,7.38,3.657,4.038,2.7338,1.506,2.5658,2.765,1.988
2020/11/9,7.487,3.712,4.093,2.7784,1.5336,2.5658,2.701,2.01
2020/11/10,7.455,3.714,4.058,2.7433,1.483,2.4954,2.614,1.986
2020/11/11,7.408,3.69,4.015,2.6636,1.4387,2.438,2.635,1.933
2020/11/12,7.477,3.705,4.029,2.6866,1.4732,2.5102,2.667,1.95
2020/11/13,7.379,3.662,4.004,2.6857,1.4917,2.5347,2.711,1.975
2020/11/16,7.454,3.687,4.01,2.7034,1.5145,2.5623,2.717,1.972
2020/11/17,7.365,3.666,3.973,2.6301,1.4778,2.5416,2.686,1.939
2020/11/18,7.259,3.63,3.926,2.5468,1.464,2.5479,2.658,1.899
2020/11/19,7.371,3.67,3.972,2.5729,1.461,2.5755,2.685,1.902
2020/11/20,7.434,3.678,3.995,2.5924,1.488,2.6106,2.712,1.943
2020/11/23,7.476,3.707,4.022,2.5771,1.4944,2.6382,2.721,1.979
2020/11/24,7.434,3.667,3.997,2.5525,1.483,2.6367,2.735,1.988
2020/11/25,7.238,3.604,3.91,2.4848,1.4408,2.6063,2.71,1.946
2020/11/26,7.227,3.614,3.913,2.4915,1.4541,2.626,2.716,1.919
2020/11/27,7.274,3.648,3.932,2.5036,1.4608,2.6474,2.747,1.922
2020/11/30,7.178,3.611,3.898,2.5048,1.4432,2.6088,2.721,1.91
2020/12/1,7.285,3.684,3.946,2.58,1.4669,2.6366,2.744,1.933
2020/12/2,7.283,3.681,3.927,2.574,1.4415,2.611,2.711,1.916
2020/12/3,7.35,3.686,3.962,2.626,1.4535,2.6222,2.726,1.915
2020/12/4,7.496,3.713,4.005,2.67,1.4719,2.6491,2.75,1.94
2020/12/7,7.543,3.702,4.016,2.6779,1.4737,2.644,2.759,1.958
2020/12/8,7.548,3.696,4.022,2.6898,1.4799,2.654,2.783,1.994
2020/12/9,7.514,3.67,4.013,2.6531,1.4672,2.6268,2.743,1.975
2020/12/10,7.542,3.682,4.038,2.6954,1.4689,2.644,2.763,1.959
2020/12/11,7.515,3.648,4.015,2.6749,1.4775,2.626,2.744,1.943
2020/12/14,7.626,3.695,4.055,2.7246,1.4796,2.6353,2.751,1.984
2020/12/15,7.656,3.706,4.079,2.7629,1.4857,2.6305,2.765,2.012
2020/12/16,7.743,3.728,4.091,2.7896,1.4957,2.6415,2.789,2.013
2020/12/17,7.893,3.757,4.111,2.8249,1.5274,2.6676,2.817,2.018
2020/12/18,7.836,3.732,4.073,2.7981,1.5104,2.6726,2.828,2.058
2020/12/21,7.931,3.762,4.125,2.847,1.5308,2.6759,2.834,2.163
2020/12/22,7.943,3.727,4.121,2.8232,1.5303,2.6439,2.827,2.115
2020/12/23,7.944,3.758,4.142,2.8273,1.5438,2.676,2.836,2.141
2020/12/24,7.871,3.756,4.11,2.8498,1.5344,2.6704,2.828,2.125
2020/12/25,7.912,3.8,4.134,2.9173,1.5431,2.6681,2.83,2.183
2020/12/28,8.091,3.817,4.154,2.8915,1.5419,2.6623,2.795,2.191
2020/12/29,8.066,3.811,4.145,2.8778,1.5495,2.6968,2.827,2.117
2020/12/30,8.226,3.87,4.188,2.9188,1.594,2.7699,2.883,2.194
2020/12/31,8.404,3.941,4.279,2.9546,1.6432,2.7969,2.889,2.238
2021/1/4,8.626,3.958,4.317,2.9261,1.6644,2.8447,2.898,2.383
2021/1/5,8.874,4.037,4.344,2.9737,1.6787,2.8914,2.932,2.421
2021/1/6,8.94,4.075,4.357,3.0156,1.6936,2.9,2.892,2.404
2021/1/7,9.119,4.184,4.417,3.0739,1.7079,2.9436,2.933,2.469
2021/1/8,8.903,4.156,4.332,3.0379,1.7094,2.9599,2.977,2.444
2021/1/11,8.763,4.157,4.302,3.0275,1.7032,2.9191,2.951,2.372
2021/1/12,9.016,4.278,4.4,3.0581,1.7377,2.9732,2.972,2.415
2021/1/13,8.916,4.227,4.345,3.0093,1.7081,2.9405,2.965,2.345
2021/1/14,8.672,4.13,4.037,2.9687,1.7196,2.9188,2.976,2.288
2021/1/15,8.559,4.133,4.01,2.976,1.7083,2.8797,2.944,2.316
2021/1/18,8.545,4.178,4.053,2.9957,1.7414,2.9117,2.98,2.337
2021/1/19,8.415,4.115,3.998,2.9441,1.7423,2.9403,3.035,2.281
2021/1/20,8.478,4.169,4.073,3.0966,1.8158,2.9991,3.096,2.363
2021/1/21,8.655,4.249,4.144,3.153,1.8344,2.9952,3.119,2.418
2021/1/22,8.718,4.295,4.238,3.3076,1.8775,3.0292,3.117,2.488
2021/1/25,9.089,4.36,4.334,3.3758,1.9471,3.1271,3.17,2.497
2021/1/26,8.884,4.264,4.257,3.2492,1.8729,3.0369,3.103,2.441
2021/1/27,8.768,4.277,4.241,3.2316,1.8432,2.9632,3.024,2.468
2021/1/28,8.584,4.156,4.156,3.1364,1.7888,2.9075,3.015,2.377
2021/1/29,8.687,4.16,4.203,3.1257,1.7979,2.9009,2.98,2.344
2021/2/1,8.748,4.242,4.247,3.1799,1.8457,2.9879,3.061,2.342
2021/2/2,9.142,4.302,4.355,3.2202,1.9031,3.0958,3.134,2.444
2021/2/3,9.227,4.31,4.419,3.2645,1.9218,3.1456,3.139,2.443
2021/2/4,9.227,4.324,4.416,3.2299,1.898,3.14,3.15,2.411
2021/2/5,9.338,4.326,4.471,3.3097,1.9196,3.1841,3.159,2.353
2021/2/8,9.451,4.429,4.522,3.3699,1.9333,3.2126,3.187,2.409
2021/2/9,9.636,4.519,4.598,3.4117,1.9717,3.2489,3.217,2.47
2021/2/10,9.977,4.625,4.713,3.4865,2.0302,3.3528,3.261,2.508
2021/2/18,9.678,4.549,4.622,3.3068,1.9617,3.2685,3.253,2.46
2021/2/19,9.623,4.49,4.579,3.31,1.9611,3.2522,3.266,2.407
2021/2/22,8.975,4.304,4.305,3.1335,1.8499,3.0775,3.133,2.339
2021/2/23,8.914,4.289,4.276,3.1062,1.8352,3.0564,3.111,2.299
2021/2/24,8.499,4.154,4.124,2.9741,1.7426,2.9414,3.083,2.193
2021/2/25,8.421,4.159,4.094,2.9811,1.7464,2.9138,3.006,2.163
2021/2/26,8.192,4.05,3.99,2.9005,1.6812,2.824,2.988,2.109
2021/3/1,8.317,4.122,4.05,2.9428,1.744,2.9562,3.096,2.188
2021/3/2,8.156,4.055,4.011,2.8743,1.7088,2.8752,3.04,2.186
2021/3/3,8.313,4.12,4.052,2.9145,1.7376,2.9005,2.995,2.195
2021/3/4,7.95,3.961,3.88,2.7722,1.6359,2.7529,2.888,2.071
2021/3/5,7.961,3.941,3.887,2.7608,1.6343,2.7387,2.914,2.074
2021/3/8,7.487,3.799,3.701,2.6081,1.5207,2.5475,2.767,1.964
2021/3/9,7.324,3.704,3.637,2.5537,1.5091,2.5907,2.88,1.926
2021/3/10,7.577,3.778,3.719,2.6377,1.5621,2.6412,2.851,1.979
2021/3/11,7.822,3.877,3.797,2.7193,1.6234,2.7395,2.949,2.033
2021/3/12,7.875,3.888,3.827,2.7345,1.6084,2.7181,2.907,2.044
2021/3/15,7.533,3.777,3.691,2.6053,1.5477,2.6486,2.899,1.973
2021/3/16,7.694,3.824,3.741,2.6533,1.5856,2.7011,2.923,1.99
